Q,A
지금 뭐하는거야?,형 얼굴에 맞는 배경음악 깔아준거야.
형 얼굴에 맞는 배경음악 깔아준거야.,뭐? 에휴 진짜.
뭐? 에휴 진짜.,에휴 진짜. 아무리 여자때문에 심란해도 간만에 여행와서 꼭 그렇게 계속 죽상만 쓰고 있어야 겠냐? 형 나랑 얼마만에 여행오는건줄 알아? 나 대학교 때 가고 처음이다. 어릴 때는 잘만 데리고 다니더만.
에휴 진짜. 아무리 여자때문에 심란해도 간만에 여행와서 꼭 그렇게 계속 죽상만 쓰고 있어야 겠냐? 형 나랑 얼마만에 여행오는건줄 알아? 나 대학교 때 가고 처음이다. 어릴 때는 잘만 데리고 다니더만.,뭐 소름끼치게 오래되긴 했네.
뭐 소름끼치게 오래되긴 했네.,그니까 어? 야 좀 웃어라 웃어. 아 그런 의미에서 우리 인증샷 하나 찍을까?
그니까 어? 야 좀 웃어라 웃어. 아 그런 의미에서 우리 인증샷 하나 찍을까?,됐어.
됐어.,아 왜. 자 찍어 자 하나. 좀 웃으라니까! 둘~ 셋! 오 잘나왔는데! 프사에 올려야지. 형것도 올려줄게.
아 왜 꺼 노래 좋은데,아오씨 임마 발 안치워? 아까부터 뭔 냄샌가 했더니
아오씨 임마 발 안치워? 아까부터 뭔 냄샌가 했더니,그래? 냄새나?
그래? 냄새나?,제발 좀 씻어라 씻어
제발 좀 씻어라 씻어,에이 깨끗하면 아이디어가 잘 생각 안난단 말야
에이 깨끗하면 아이디어가 잘 생각 안난단 말야,핑계는. 야야야 이걸로라도 좀 닦어
핑계는. 야야야 이걸로라도 좀 닦어,알았어 에휴
알았어 에휴,오 냄새
오 냄새,그치 니 발샘내 소름끼치게 장난아니지?
그치 니 발샘내 소름끼치게 장난아니지?,아니 어디서 건빵냄새 나지않아?
아니 어디서 건빵냄새 나지않아?,갑자기 건빵 냄새는 무슨 건빵 
갑자기 건빵 냄새는 무슨 건빵 ,맞네 건빵
지 발 냄새는 못 맡으면서 백미터 앞에서 파는 건빵 냄새를 다 맡고,먹을래?
먹을래?,너 그 좀 아까 발 닦은 손이잖아 
너 그 좀 아까 발 닦은 손이잖아 ,싫음 말구
우리 딸은 아입니더. 우리 딸 잡아가면 안됩니더.,저기 어머니
저기 어머니,"우리 딸이 어떤 딸인지 압니꺼 이 동네에서 제일 공부 잘하는 압니다. 부잣집 아들, 돈 많은 집 아들 다 제끼고 노상 전교1등만 하던 압니다. 서울대 법대가고도 남는 성적인데도 지가 장학금 받는다꼬 지 손으로 사범대 원서써가 1년 장학금 받고 서울대 들어간 압니다. 야 어릴때 꿈이 검사 변호사 판사인데 즈그 엄마아빠 돈걱정 안 시킨다꼬 지가 알아서 선생님이랑 얘기 해가꼬 서울대 원서 쓴 아라고요. 서울대 알지요? 우리나라에서 제일 똑똑한 아들만 들어간다는 서울대를 과외 한 번, 학원 한 번 안다니고 한 번만에 쭉 붙었다고요. 야가요. 우리 딸이요. 그런 딸입니더. 동네에서 잔치를 몇날 며칠을 한 줄 압니꺼? 즈그 아버지 회사에서도 축하한다고 꽃다발까지 보냈습니다. 그라고 야 고등학교 졸업할때는 어땠는데요. 학생대표로 교장선생님 앞에 나가가꼬 상까지 받았고요. 수학은 또 전국에서 10등 안에는 들었습니다. 야 외삼촌이 도청에 과장으로 있는데. 도지사랑도 같이 밥도 묵고 그런 사이고요. 사촌 중에는 의대 댕기는 아도 있습니다. 아이고 그라고 그라고 야 아버지는 또 어떤지 압니꺼? 한일은행에서 20년간 근속해가 은행장님한테 상까지 받은 사람입니더. 야 하고도 같이 저녁 묵었는데. 시상에 시상천지에 이렇게 착하고 똑똑한 딸이 없다고 은행장님이 직접 용돈도 줬고요. 우리 집앞까지 손수 운전해가꼬 자가용으로 데불다 않줬습니꺼 "
"우리 딸이 어떤 딸인지 압니꺼 이 동네에서 제일 공부 잘하는 압니다. 부잣집 아들, 돈 많은 집 아들 다 제끼고 노상 전교1등만 하던 압니다. 서울대 법대가고도 남는 성적인데도 지가 장학금 받는다꼬 지 손으로 사범대 원서써가 1년 장학금 받고 서울대 들어간 압니다. 야 어릴때 꿈이 검사 변호사 판사인데 즈그 엄마아빠 돈걱정 안 시킨다꼬 지가 알아서 선생님이랑 얘기 해가꼬 서울대 원서 쓴 아라고요. 서울대 알지요? 우리나라에서 제일 똑똑한 아들만 들어간다는 서울대를 과외 한 번, 학원 한 번 안다니고 한 번만에 쭉 붙었다고요. 야가요. 우리 딸이요. 그런 딸입니더. 동네에서 잔치를 몇날 며칠을 한 줄 압니꺼? 즈그 아버지 회사에서도 축하한다고 꽃다발까지 보냈습니다. 그라고 야 고등학교 졸업할때는 어땠는데요. 학생대표로 교장선생님 앞에 나가가꼬 상까지 받았고요. 수학은 또 전국에서 10등 안에는 들었습니다. 야 외삼촌이 도청에 과장으로 있는데. 도지사랑도 같이 밥도 묵고 그런 사이고요. 사촌 중에는 의대 댕기는 아도 있습니다. 아이고 그라고 그라고 야 아버지는 또 어떤지 압니꺼? 한일은행에서 20년간 근속해가 은행장님한테 상까지 받은 사람입니더. 야 하고도 같이 저녁 묵었는데. 시상에 시상천지에 이렇게 착하고 똑똑한 딸이 없다고 은행장님이 직접 용돈도 줬고요. 우리 집앞까지 손수 운전해가꼬 자가용으로 데불다 않줬습니꺼 ",잘못했어요. 제가 잘못했어요.
잘못했어요. 제가 잘못했어요.,아이고 보라야 뭔소리고. 쓸데없는 소리하지마라.
아이고 보라야 뭔소리고. 쓸데없는 소리하지마라.,제가 잘못했어요
제가 잘못했어요,아입니더. 아입니더. 아입니더. 우리아 그런아 아입니더. 우리 딸 그런아 아입니더.
아입니더. 아입니더. 아입니더. 우리아 그런아 아입니더. 우리 딸 그런아 아입니더.,제가 잘못했다고요! 갈게요 경찰서!
제가 잘못했다고요! 갈게요 경찰서!,안된다 보라야! 네가 뭔 잘못을 했는데! 아이고 우리 딸은 그런아가 아입니더.
안된다 보라야! 네가 뭔 잘못을 했는데! 아이고 우리 딸은 그런아가 아입니더.,자 갑시다
자 갑시다,우리아 그런애 아니라꼬요
우리아 그런애 아니라꼬요,나오세요 아주머니
나오세요 아주머니,이거 놔라 안하나! 이거 놔라! 우리 딸 그런아 아이다
"기범아, 김기범!",뭐고 니들.
뭐고 니들.,뭐긴 뭐야. 민호오빠 빠순이 급식충들이지!
뭐긴 뭐야. 민호오빠 빠순이 급식충들이지!,뭐? 니들 여길 어떻게 알고. 뭐야 니들 왜 왔어?
뭐? 니들 여길 어떻게 알고. 뭐야 니들 왜 왔어?,왜 오긴. 전쟁이라며? 현피 뜨자며?
왜 오긴. 전쟁이라며? 현피 뜨자며?,"땍! 그럼 못써! 좋은 말할 때 공부나 해라. 어허, 혼난다?"
"땍! 그럼 못써! 좋은 말할 때 공부나 해라. 어허, 혼난다?",혼나? 오늘 니가 혼나.
안에 누구 있어?,어? 어 나 
어? 어 나 ,아유 언니 빨리 좀 나와봐 나 배아파 
아유 언니 빨리 좀 나와봐 나 배아파 ,알았어
오늘 대전까지 갔다 왔다며? 김이사 그 여자는 뭐 그래? 다 자기 마음대로,원래 일하는 스타일이 좀 그래 
원래 일하는 스타일이 좀 그래 ,그건 뭐야?
그건 뭐야?,뭐 아무것도 아냐 
뭐 아무것도 아냐 ,왜 저래 아우 배아파 아 
라부장 안가?,아직 일 다 못했어요
아직 일 다 못했어요,그러게 왜 그런 실수를 해서
그러게 왜 그런 실수를 해서,그럼 못하게 말렸어야죠 어떻게 그런 실수를 하게 둬요?
그럼 못하게 말렸어야죠 어떻게 그런 실수를 하게 둬요?,그래 내가 싼건 아니지만 못 말려서 미안해
그래 내가 싼건 아니지만 못 말려서 미안해,아니 그 라알바씨 이거 내일 아침까지 30부 복사해놓고요 이 휴지통 이런것 좀 싹 다 비우고 좀
아니 그 라알바씨 이거 내일 아침까지 30부 복사해놓고요 이 휴지통 이런것 좀 싹 다 비우고 좀,지금 뭐라고 그랬어? 라알바씨?
지금 뭐라고 그랬어? 라알바씨?,예 아니 그럼 알바한테 알바라고 부르지 뭐라고 불러요 라알바씨
예 아니 그럼 알바한테 알바라고 부르지 뭐라고 불러요 라알바씨,이게 안경벗더니 눈에 뵈는게 없나 간신배처럼 조사장 옆에 찰싹 붙어서 아첨이나 하는 주제에
이게 안경벗더니 눈에 뵈는게 없나 간신배처럼 조사장 옆에 찰싹 붙어서 아첨이나 하는 주제에,뭐라구요? 간신배? 말 다했어?
뭐라구요? 간신배? 말 다했어?,정과장!
정과장!,뭐? 말 다했어? 어디서 말이 짧아 싸가지 없게 머리에 흑채뿌리고 깔창 까느라고 싸가지는 집에 빼갖고 왔나보지?
뭐? 말 다했어? 어디서 말이 짧아 싸가지 없게 머리에 흑채뿌리고 깔창 까느라고 싸가지는 집에 빼갖고 왔나보지?,라부장!
라부장!,아주 정신 머리 빼놓고 아무데나 오줌 찍찍 싸고 다니는 주제에 뭐가 어째
아주 정신 머리 빼놓고 아무데나 오줌 찍찍 싸고 다니는 주제에 뭐가 어째,뭐? 너 지금 나랑 한번 해보자는거야?
지랄염병오사육시하고 자빠졌네 너는 어째 내 발밑에 있어?,그러게요
그러게요,일들 끝났으면 싸게싸게 퇴근혀 라부장도 퇴근혀
일들 끝났으면 싸게싸게 퇴근혀 라부장도 퇴근혀,예 저도요? 아까 시키신일 다 못 끝냈는
예 저도요? 아까 시키신일 다 못 끝냈는,그건 됐고 내일 아주 중요한 일 있으니께 아침 일찍 출근혀
그건 됐고 내일 아주 중요한 일 있으니께 아침 일찍 출근혀,예? 안돼요 아침엔 배달해야되는데
예? 안돼요 아침엔 배달해야되는데,새벽에 하고 오면 되잖어
새벽에 하고 오면 되잖어,그러게요 아 우리 사장님은 이렇게 명쾌하시다니까
웬 초등학교?,조사장이 우선 이걸로 갈아입으시랍니
조사장이 우선 이걸로 갈아입으시랍니,이거 뭐야 이거 녹색 어머니회 옷이잖아?
박하나쌤 강의 끊는다고요. 환불해줘요.,환불이라뇨. 무슨 특별한 이유라도 있으세요?
환불이라뇨. 무슨 특별한 이유라도 있으세요?,있죠. 당연히. 여기. 이 프로필 사진 때문에 기대감을 갖고 강의실에 갔는데 완전 기대감을 배반하는 얼굴이잖아요.
있죠. 당연히. 여기. 이 프로필 사진 때문에 기대감을 갖고 강의실에 갔는데 완전 기대감을 배반하는 얼굴이잖아요.,"야, 새끼야. 그냥 들어."
"야, 새끼야. 그냥 들어.",됐거든? 내가 이럴 거면 차라리 외모 싹 다 포기하고 국어 1타 이선재쌤 강의. 내 차라리 저거 들을란다.
됐거든? 내가 이럴 거면 차라리 외모 싹 다 포기하고 국어 1타 이선재쌤 강의. 내 차라리 저거 들을란다.,"학생! 지금 뭐라 그랬어. 뭐? 외모 포기하고 이교수 강의를 듣겠다고? 아니, 우리 이 보석같은 이교수 외모가 어디가 어때서? 어디서 감히 이교수 외모를 걸고 넘어져?"
"학생! 지금 뭐라 그랬어. 뭐? 외모 포기하고 이교수 강의를 듣겠다고? 아니, 우리 이 보석같은 이교수 외모가 어디가 어때서? 어디서 감히 이교수 외모를 걸고 넘어져?","그래. 나 이선재야, 이선재."
"그래. 나 이선재야, 이선재.","알지. 너무 잘 알지. 아니, 이 노량진 바닥에서 우리 이선재 교수 모르는 사람이 어딨어? 너무 짜증나지? 가자, 가."
"알지. 너무 잘 알지. 아니, 이 노량진 바닥에서 우리 이선재 교수 모르는 사람이 어딨어? 너무 짜증나지? 가자, 가.","암튼. 아, 환불해줘요."
"암튼. 아, 환불해줘요.","오, 저기, 학생. 나랑 얘기 좀 해. 응?"
"오, 저기, 학생. 나랑 얘기 좀 해. 응?",학생. 내 얼굴이 그렇게 마음에 안 들어? 수강을 취소할 만큼?
학생. 내 얼굴이 그렇게 마음에 안 들어? 수강을 취소할 만큼?,"아니, 뭐. 솔직히 뽀샵빨이 너무 심하잖아요."
"아니, 뭐. 솔직히 뽀샵빨이 너무 심하잖아요.","그거 뽀샵빨 아니야. 오늘 늦잠자서 제대로 못 꾸며서 그렇지 제대로 화장하고 셋팅하면 딱 그래, 내가. 그 사진 그대로야."
"그거 뽀샵빨 아니야. 오늘 늦잠자서 제대로 못 꾸며서 그렇지 제대로 화장하고 셋팅하면 딱 그래, 내가. 그 사진 그대로야.",근데 강사 얼굴이 뭐가 그렇게 중요해? 강의만 잘 하면 됐지. 안 그래?
근데 강사 얼굴이 뭐가 그렇게 중요해? 강의만 잘 하면 됐지. 안 그래?,그게. 제가 학교 다닐 때부터 쌤이 예뻐야 수업에 집중도 잘 되고 성적도 잘 나왔었거든요.
그게. 제가 학교 다닐 때부터 쌤이 예뻐야 수업에 집중도 잘 되고 성적도 잘 나왔었거든요.,"예뻐질게. 학생. 먹지만 말고 친구 좀 설득해봐, 응?"
"예뻐질게. 학생. 먹지만 말고 친구 좀 설득해봐, 응?",잘먹었습니다. 저 먼저 가볼게요.
잘먹었습니다. 저 먼저 가볼게요.,와? 같이 가자.
와? 같이 가자.,"아, 시간 없어. 빨리 가서 공부해야지."
"아, 시간 없어. 빨리 가서 공부해야지.","쌤, 근데 진짜 예뻐질 수 있어요?"
"쌤, 근데 진짜 예뻐질 수 있어요?","어, 당연하지. 나 한번 믿어봐."
"어, 당연하지. 나 한번 믿어봐.","글쎄요, 가능할지."
"글쎄요, 가능할지.","어유, 피클이 떨어졌네. 내가 갖다줄게. 잠깐만."
그지같은 글 당장 지워라? 어? 야 우리 보는 앞에서 당장 삭제해. 빨리.,알았다니까. 
알았다니까. ,느그가 이 나이 먹어봐 이게 빨리 빨리 되나. 기다려봐봐. 
느그가 이 나이 먹어봐 이게 빨리 빨리 되나. 기다려봐봐. ,손가락 분질러버린다. 야 맞고 할래?
손가락 분질러버린다. 야 맞고 할래?,"아, 있어봐. 때리지 말고. 충분히 맞았잖아. "
"야, 개민호새끼. 와, 진짜. 그 새끼는 인간도 아니다. 내가 옷 갈아입고 힘 빡 줘서 회사 앞까지 찾아갔거든? 야, 그랬더니 끝까지 안 만나주더라. 야, 지가 어떻게 나한테 이럴 수가 있어!",그러게요. 그동안 사귄 정이 있는데 정말 너무 했네.
그러게요. 그동안 사귄 정이 있는데 정말 너무 했네.,"내 말이. 다른 년 생긴 게 분명해. 나보다 더 예쁘고 더 젊은 년이겠지. 내가 그딴 놈한테 한껏 청춘 다 바친 게 나 진짜 너무 억울하거든? 죽고 싶어, 하나야."
"내 말이. 다른 년 생긴 게 분명해. 나보다 더 예쁘고 더 젊은 년이겠지. 내가 그딴 놈한테 한껏 청춘 다 바친 게 나 진짜 너무 억울하거든? 죽고 싶어, 하나야.","아, 언니 진정하세요."
"아, 언니 진정하세요.",그래. 이렇게 슬퍼해봤자 뭔 소용이겠냐. 나 개민호 보란듯이 더 괜찮은 놈 만날 거야. 오늘 꼭 여기서 꼬시고 말 거야.
그래. 이렇게 슬퍼해봤자 뭔 소용이겠냐. 나 개민호 보란듯이 더 괜찮은 놈 만날 거야. 오늘 꼭 여기서 꼬시고 말 거야.,예?
알았지? 내가 너 특별히 아끼니까 소개팅 시켜주는거야 ,네
엄마,많이 다쳤나? 정비수퍼 앞이라고? 오빠 지금 바로 갈게 
"야, 고맙다. 이 은혜를 어떻게 갚지?","저, 형 그게 아니고요."
"저, 형 그게 아니고요.","조용히 해라. 어이, 잘나신 회장님. 내가 고맙다고요. 예?"
"아, 이 새끼 봐라? 선배가 말하는데. 이건 뭐냐? 빼랬지, 내가. 빼라고, 이 새끼야! 아, 이 새끼.","그거, 선우 아버지 건데! 그, 선우 아버지 돌아가실 때 유품으로 주신 건데."
뭐야? 애를 왜 묶어놔?,"뭔데, 넌 또? 조용히 가던 길이나 가라?"
"뭔데, 넌 또? 조용히 가던 길이나 가라?",뭐?
뭐?,아 진짜 이씨. 
아 진짜 이씨. ,쪼끄만게 진짜. 
쪼끄만게 진짜. ,쳤냐? 이게 돌았나 진짜?
여보세요,최택?
최택?,어.
어.,목소리는 들어야 마음 놓을 것 같아서.
목소리는 들어야 마음 놓을 것 같아서.,어 나 괜찮아.
어 나 괜찮아.,야 너는 뭐했길래 전활 안받냐?
야 너는 뭐했길래 전활 안받냐?,언제? 언제 또 전화했어?
라부장 오줌깔개 스무개 시놨응께 꼬불치지마 이용하지도 말고,제가 이걸 얻다 쓴다고요
제가 이걸 얻다 쓴다고요,얻다라도 쓰겠죠. 오줌 못가리시잖아요. 개도 정해진 자리에 딱딱 싸는데. 아직도 찌린내가 
사장님 박계장님 오시는데요,아 그랴?
아 그랴?,그럼 개주인 오셨으니까 전 그만 퇴근해도되죠?
그럼 개주인 오셨으니까 전 그만 퇴근해도되죠?,그랴. 아참 가기 전에 믹스커피 투 맛있게 타오더라고잉
그랴. 아참 가기 전에 믹스커피 투 맛있게 타오더라고잉,예?
"진교수, 이왕 학원 사정 봐준 김에 그냥 박교수도 종합반에 좀 넣어주면 안 될까?","아, 글쎄 싫다고요. 제가 뭐 학원 선생 어디까지 봐줘야 합니까? 경력도 미비하고 게다가 학벌까지 별로인 노그래, 도저히 용납 안 욉니다, 저는."
"아, 글쎄 싫다고요. 제가 뭐 학원 선생 어디까지 봐줘야 합니까? 경력도 미비하고 게다가 학벌까지 별로인 노그래, 도저히 용납 안 욉니다, 저는.","아니, 그래도. 그게, 사람이, 그게."
"아니, 그래도. 그게, 사람이, 그게.","또 제 학벌 얘기세요? 학벌이 그렇게 중요해요? 아, 그래서 위조하신 거예요?"
"또 제 학벌 얘기세요? 학벌이 그렇게 중요해요? 아, 그래서 위조하신 거예요?",뭐라고요?
뭐라고요?,"어이, 박교수. 지금 뭔 소리 하는 거야 서울대한테."
"어이, 박교수. 지금 뭔 소리 하는 거야 서울대한테.","아, 아직 얘기 못 들으셨어요? 진정석 교수님 학력 위조한 사실이요."
"아, 아직 얘기 못 들으셨어요? 진정석 교수님 학력 위조한 사실이요.",어떻게 된 거죠? 서울대에 진정석이라는 사람은 없다는데?
어떻게 된 거죠? 서울대에 진정석이라는 사람은 없다는데?,"아니, 이, 이게 어떻게 된 거야, 진교수, 응"
"아니, 이, 이게 어떻게 된 거야, 진교수, 응","말씀 좀 해보세요, 어떻게 된 건지."
"말씀 좀 해보세요, 어떻게 된 건지.","아, 말해보라고."
택아. 나 오늘 너희아빠 슈퍼맨인줄 알았어.,무슨소리야?
무슨소리야?,진짜 어디서 그런 괴력이.
진짜 어디서 그런 괴력이.,무슨 말이냐니깐..
라부장 잠깐. 커피에다 뭔 짓을 한거여? ,예?예? 뭐뭘
예?예? 뭐뭘,아주 꿀맛이여 감동이여 베리굿. 퍼펙트
아주 꿀맛이여 감동이여 베리굿. 퍼펙트,그러네요 아 맛있네 이거
그러네요 아 맛있네 이거,아 네
누나 지금 저 기다리는 거예요?,어. 너한테 할 말 있어.
어. 너한테 할 말 있어.,아 다음에 해요. 오늘 너무 늦었어요.
아 다음에 해요. 오늘 너무 늦었어요.,아니. 지금 얘기할거야. 잘 들어. 너 사람 진짜 신경쓰이게 해. 틈만 나면 엉기고. 맨날 눈 앞에서 왔다갔다. 근데 너 그러는거 나 떄문인거 같애. 내가 너한테 여지를 준 것 같다고.
소름끼치게 사장님 오셨네?,예? 절 아세요?
예? 절 아세요?,"그럼요. 작년에 덩치좀 있으신 여자친구분하고 오셨었잖아요. 조개구이 소름끼치게 맛있다고 두분이 5인분 드시고, 여자친구분한테 소름끼치게 사랑한다면서 조개목걸이 만들어주셨잖아요"
"그럼요. 작년에 덩치좀 있으신 여자친구분하고 오셨었잖아요. 조개구이 소름끼치게 맛있다고 두분이 5인분 드시고, 여자친구분한테 소름끼치게 사랑한다면서 조개목걸이 만들어주셨잖아요",와 지금 듣는데도 소름끼친다
와 지금 듣는데도 소름끼친다,"아 그때 결혼할거라고 그러시더니, 하셨나?"
"아 그때 결혼할거라고 그러시더니, 하셨나?",못할 것 같아요
못할 것 같아요,이 자식이 진짜
이 자식이 진짜,잘 어울리시던데
잘 어울리시던데,"참, 형. 형은 어떻게 그런짓까지 해놓고서 여기를 기억 못하냐. 하긴 여기만 와서 먹었겠어, 여기저기 엄청 다니면서 먹었겠지"
"참, 형. 형은 어떻게 그런짓까지 해놓고서 여기를 기억 못하냐. 하긴 여기만 와서 먹었겠어, 여기저기 엄청 다니면서 먹었겠지",아 이자식 진짜 확 그냥
아 이자식 진짜 확 그냥,"어디가! 우리 칼국수 아직 안나왔, 형! 형은 형이 기억못한 걸 갖고 승질내고 그래"
시끄러! 너때문에 소름끼치게 정신사납거든! 그니까 서울 갈때까지 아무 소리도 말고 가만히 있어. 가만있으랬지!,"아니 냄새가 나서 그래. 장조림 냄새. 소고기 장조림, 꽈리꼬추 넣은거"
"아니 냄새가 나서 그래. 장조림 냄새. 소고기 장조림, 꽈리꼬추 넣은거",장조림냄새는 무슨!
장조림냄새는 무슨!,봐 맞잖아 응? 여기 장조림 국물 새고 있다
봐 맞잖아 응? 여기 장조림 국물 새고 있다,그니까 집에다 올려다 놓으라니까 왜 여기다 실어서
그니까 집에다 올려다 놓으라니까 왜 여기다 실어서,"귀찮아서 그랬지. 근데 뭐야, 그여자는 베트남 가면서 뭐 이런걸 다 싸가지고 갔어 응? 아, 형 생일이어서 간거구나. 음 맛은 있다"
"아이씨, 영자씨는 미련하게",그니까. 미련하게 뭘 이런걸 바리바리 싸들고 다니냐
그니까. 미련하게 뭘 이런걸 바리바리 싸들고 다니냐,나같이 못난놈 뭐가 예쁘다고. 미안해 영자씨
나같이 못난놈 뭐가 예쁘다고. 미안해 영자씨,뭐야 형 우는거야?
이건 뭐지?,"뭐긴 뭐야, 임신테스트, 헐"
"뭐긴 뭐야, 임신테스트, 헐","영자씨가 왜 임신테스트기, 규한아. 두줄이면 임신 맞지?"
"영자씨가 왜 임신테스트기, 규한아. 두줄이면 임신 맞지?","그래. 어차피 알려야할거, 하자 해"
형 전화를 하든 통화를 하든 운전을 하든 한가지만 해 한가지만!,"내가 지금, 하나만 하게 됐냐!"
"내가 지금, 하나만 하게 됐냐!",형 차차 차!
형 차차 차!,아우 진짜 전화 좀 받아라 좀
아우 진짜 전화 좀 받아라 좀,신호 신호 신호!
"저기, 고쓰 아니야?",네? 고쓰요?
네? 고쓰요?,"아이, 말도 안 돼요. 진교수님이 여길 왜 와요."
"아이, 말도 안 돼요. 진교수님이 여길 왜 와요.",아니야. 분명 고쓰같은데?
아니야. 분명 고쓰같은데?,"어머, 어머머. 진정석 교수님."
"어머, 어머머. 진정석 교수님.","어, 황교수님, 노그래씨. 여긴 웬일입니까?"
"어, 황교수님, 노그래씨. 여긴 웬일입니까?","아, 그건 저희가 할 말이죠. 여긴 웬일이세요? 보아하니 일행도 없어보이시는데, 설마 혼자 오신 거예요?"
"아, 그건 저희가 할 말이죠. 여긴 웬일이세요? 보아하니 일행도 없어보이시는데, 설마 혼자 오신 거예요?",네. 그럼 안 됩니까?
네. 그럼 안 됩니까?,"아니 뭐, 진교수님 혼술하는 건 알았지만 이렇게 혼자 춤까지 추시는 줄은 몰랐거든요."
"아니 뭐, 진교수님 혼술하는 건 알았지만 이렇게 혼자 춤까지 추시는 줄은 몰랐거든요.",혼술 뿐만아니라 혼춤도 제 취미입니다.
혼술 뿐만아니라 혼춤도 제 취미입니다.,정말요?
정말요?,"네. 아, 뭐 저 신경쓰지 마시고 두 분이서 재밌고 신나게 노십쇼."
"네. 아, 뭐 저 신경쓰지 마시고 두 분이서 재밌고 신나게 노십쇼.","네. 재밌게 노세요. 가자, 하나야."
"네. 재밌게 노세요. 가자, 하나야.","아, 진교수님 혼자 재밌게 놀다 가세요."
"아, 진교수님 혼자 재밌게 놀다 가세요.","어, 예, 예. 노그래씨도 화이팅."
"야, 야, 야. 저기 흰 옷 입은 여자애 괜찮지 않냐? 어?",어? 괜찮네. 내가 찜해야겠다.
어? 괜찮네. 내가 찜해야겠다.,"아이, 뭔 소리야. 내가 먼저 찜했는데. 기다려봐."
"아이, 뭔 소리야. 내가 먼저 찜했는데. 기다려봐.","아, 미안합니다. 내가 다리가 좀 길어서. 그 쪽이 찍은 여자 내 여친이거든? 건들지 말지?"
"아, 미안합니다. 내가 다리가 좀 길어서. 그 쪽이 찍은 여자 내 여친이거든? 건들지 말지?","아, 뭔 소리야. 아니, 여자친구랑 왔으면은 왜 다른 테이블 잡는데?"
"아, 뭔 소리야. 아니, 여자친구랑 왔으면은 왜 다른 테이블 잡는데?",내 맘이지.
내 맘이지.,"야, 진상. 진상아."
"야, 진상. 진상아.",이진상 뭐해?
이진상 뭐해?,"아, 몰라. 짜증나."
"아, 몰라. 짜증나.",근데 저 자식 왜 자꾸 쳐다보냐? 저 자식 이름도 진상인가?
근데 저 자식 왜 자꾸 쳐다보냐? 저 자식 이름도 진상인가?,"아, 몰라. 하는 짓은 완전 상진상이야. 아, 됐고 춤이나 추자."
"아, 몰라. 하는 짓은 완전 상진상이야. 아, 됐고 춤이나 추자.","아, 근데 어디서 본 것 같은데."
"아, 근데 어디서 본 것 같은데.",뭐!
누난 참 대단하네요 어떻게 아무리 그래도 저랑 같은 학교 같은 과 그것도 동기랑 소개팅을 해요? 저는 인제 신경도 안쓰이나봐요 ,1%의 확률로 니가 나오지 않을까 하고 근데 별명이 쓰레기라 그래서 아 그럼 1%는 날아갔구나 근데 다시 생각했지 그렇다면 다른 1%의 확률에 걸어야겠구나 너 귀에 들어가라 같은 학교 같은 과 동기니까 너 귀에 들어가라 너 귀에 들어가서 정말 1%의 확률이지만 혹시 니가 아직도 나를 좋아한다면 우리 다시 시작할 수 있지 않을까 하는 기대 때문에 나왔어 선우야 미친소리 같지만 보고싶었어 
어야 야 언제 가르쳤어?,아 조금만 가르쳐도 금방 하드라 예전 주인한테 배웠었는지
너나 잘해라 좀 자 수지야 자 자전거 타고 여기까지 오면은 이 오빠가 소세지 줄게 자 ,뭐하냐
뭐하냐,해피처럼 가르치면 좀 나을가 싶어서 개도 가르쳤는데 사람하나 못 가르치겠냐 자 수지야 얼른와 
해피처럼 가르치면 좀 나을가 싶어서 개도 가르쳤는데 사람하나 못 가르치겠냐 자 수지야 얼른와 ,아오 저게 계속 개 취급하네
나 천재인가봐  야 얼마 배운지 되지도 않아서 이렇게 잘탈 수 있는거냐 ,자 착각하지마 이게 다 훌륭한 스승 덕분이니까 자 수지야 집까지 안 넘어지고 오면은 내가 이거 소시지 또 줄게 가자 
자 착각하지마 이게 다 훌륭한 스승 덕분이니까 자 수지야 집까지 안 넘어지고 오면은 내가 이거 소시지 또 줄게 가자 ,야 너 거기 안서 잡히면 죽는다
야 너 거기 안서 잡히면 죽는다,아이 뭐하는거야 좀 더 속도를 내야지
아이 뭐하는거야 좀 더 속도를 내야지,아오 니가 해봐 
아오 니가 해봐 ,대영아 너 
대영아 너 ,아 무거워 땀냄새 씨
국어쌤!,사람 잘못보셨습니다.
사람 잘못보셨습니다.,"에이, 박하나쌤 맞잖아요. "
"에이, 박하나쌤 맞잖아요. ","어, 용케 이러고 있는데도 알아봤네 어떻게?"
"어, 용케 이러고 있는데도 알아봤네 어떻게?","말했잖아요. 관심 있으면 다 보인다고. 이 옷, 이 신발, 이 시계 딱 보니까 쌤이던데요 뭘. "
"말했잖아요. 관심 있으면 다 보인다고. 이 옷, 이 신발, 이 시계 딱 보니까 쌤이던데요 뭘. ",근데 니가 왜 여긴 웬일이야?
근데 니가 왜 여긴 웬일이야?,"아, 집에 가는 길에 오락 한 판 하고 가려다가 쌤이 딱 보이길래요. 근데 왜 그러고 부르신거에요?"
"아, 집에 가는 길에 오락 한 판 하고 가려다가 쌤이 딱 보이길래요. 근데 왜 그러고 부르신거에요?",학생들은 공부하는데 선생이라는 사람이 이러고 있으면 민망하잖아. 
학생들은 공부하는데 선생이라는 사람이 이러고 있으면 민망하잖아. ,괜찮아요. 저는 공부 안하는 학생이니까. 
괜찮아요. 저는 공부 안하는 학생이니까. ,"어유, 자랑이다! 나가자."
"어유, 자랑이다! 나가자.",어딜요? 아직 안끝났잖아요. 마저 부르세요. 
어딜요? 아직 안끝났잖아요. 마저 부르세요. ,어우 아니야. 됐어.
어우 아니야. 됐어.,"에헤이, 아 부르시라니깐여. "
"에헤이, 아 부르시라니깐여. ",그럼 성의를 봐서 나머지만 부를까?
"진상? 임금님한테 올리는 밥상, 그 진상 아니야?","에이, 설마요."
"에이, 설마요.","이, 이게 뭐야 진교수?"
"이, 이게 뭐야 진교수?","제 본명입니다. 제 원래 이름은 진상이고, 진정석은 노량진 입성할 때 지은 가명입니다."
"제 본명입니다. 제 원래 이름은 진상이고, 진정석은 노량진 입성할 때 지은 가명입니다.","아, 저, 정말?"
"아, 저, 정말?","아, 정말이야 진교수? 아, 진짜 진교수 본명이 진상이야?"
"아, 정말이야 진교수? 아, 진짜 진교수 본명이 진상이야?","네. 괜히 이름 때문에 웃음거리 되지 말자고 전 원장님이 하도 권하셔서 그 때 뭐 생각없이 그러자고 했는데, 뭐 어쨌거나 제 불찰이네요."
"네. 괜히 이름 때문에 웃음거리 되지 말자고 전 원장님이 하도 권하셔서 그 때 뭐 생각없이 그러자고 했는데, 뭐 어쨌거나 제 불찰이네요.","아니, 진상이 어때서 진상을 바꾸래? 아유, 그 원장 정말 진상이네."
"아니, 진상이 어때서 진상을 바꾸래? 아유, 그 원장 정말 진상이네.","자, 이제 됐죠, 노그래씨?"
"자, 이제 됐죠, 노그래씨?","죄송합니다, 진교수님."
"죄송합니다, 진교수님.","됐고, 이로써 확실해졌네요. 내가 노그래씨랑 종합반 할 일 절대 없을 거라는 거. 실력도 없으면서 남의 뒤나 캐고 다니는 사람이랑 절대 엮이고 싶지 않습니다."
봐봐 귀뚜라미 없어지니까 안짖지?,그럼 저건요? 컵이 저절로 움직여 깨진거요.
그럼 저건요? 컵이 저절로 움직여 깨진거요.,물기가 남아있는거 보니까 빈컵이 아니었나보네?
물기가 남아있는거 보니까 빈컵이 아니었나보네?,네. 유자차 마시려고 뜨거운 물을..
네. 유자차 마시려고 뜨거운 물을..,"빙고. 탁자는 차갑고 컵은 뜨겁고, 온도차 때문에 미끄러진거네."
"빙고. 탁자는 차갑고 컵은 뜨겁고, 온도차 때문에 미끄러진거네.",그럼 인터폰은요?
그럼 인터폰은요?,"우리집 인터폰도 자주 꺼졌다, 켜졌다 그래. 오피스텔이 오래되서 그런지 인터폰이 맛이 갔나봐."
"우리집 인터폰도 자주 꺼졌다, 켜졌다 그래. 오피스텔이 오래되서 그런지 인터폰이 맛이 갔나봐.",이래도 귀신 짓이야? 딴거 없다니까.
이래도 귀신 짓이야? 딴거 없다니까.,그래도. 혼자 있으면 무서운데.
그래도. 혼자 있으면 무서운데.,그럼 오빠가 귀신이 절대 못붙게 하는 음식 먹게 해줄까?
그럼 오빠가 귀신이 절대 못붙게 하는 음식 먹게 해줄까?,그런게 있어요?
그런게 있어요?,예로부터 이 팥이 귀신 쫓는데 특효였던거 알지? 근데 누나는 왠일로 우리랑 밥을 먹으러 왔어요?
예로부터 이 팥이 귀신 쫓는데 특효였던거 알지? 근데 누나는 왠일로 우리랑 밥을 먹으러 왔어요?,내가 원래 빚지고는 못사는 성격이라 우리 바라씨 구해줬으니 밥은 내가 살게요.
내가 원래 빚지고는 못사는 성격이라 우리 바라씨 구해줬으니 밥은 내가 살게요.,나 팥 칼국수 처음 먹어봐요. 이런게 맛있나? 
나 팥 칼국수 처음 먹어봐요. 이런게 맛있나? ,뭐? 이런게? 갓 연애를 시작했을 때처럼 첫맛은 달달하고 쫄깃한 면발은 입안에서 밀고 당기기를 반복하며 애를 태우지. 좀 질릴듯할 때 등장하는 이 새알심은 마치 권태기때 다시 샘솟는 사랑같달까? 게다가 이 소금을 타느냐 설탕을 타느냐에 따라 맛이 오묘하게 달라지지.
뭐? 이런게? 갓 연애를 시작했을 때처럼 첫맛은 달달하고 쫄깃한 면발은 입안에서 밀고 당기기를 반복하며 애를 태우지. 좀 질릴듯할 때 등장하는 이 새알심은 마치 권태기때 다시 샘솟는 사랑같달까? 게다가 이 소금을 타느냐 설탕을 타느냐에 따라 맛이 오묘하게 달라지지.,맨날 무슨 설명이 저렇게 많아. 먹어보면 다 아는걸. 진이야 먹자.
"우리 엄니 불쌍해서 어쩐디, 성. 우리 엄니 불쌍해서 어쩐디. 뭣이 급하다고 이렇게 먼저 갔을까잉. 뭣이 급하다고! 이제 우리 엄마 못 보냐, 왜! 우리 엄마 못 보냐, 왜.",왜 이제 왔어. 우리 얼마나 기다렸는데. 엄마 가는 것도 못 보고. 엄마가 큰오빠 얼마나 찾았는데.
선우야 비 온다. 들어가자. 누나 비 맞는거 진짜 싫어해.,누나. 누나 손 왜 이렇게 차?
누나. 누나 손 왜 이렇게 차?,마음이 따뜻해서 그래. 원래 마음이 따뜻하면 손이 찬거야. 가자.
여보세요? 아빠! 무슨일있으세요?,거기 비 많이 온다며?
거기 비 많이 온다며?,아 예. 많이와요. 날씨 안좋아요.
아 예. 많이와요. 날씨 안좋아요.,그래. 그 컨디션 조절 잘하고 밥 잘 챙겨먹고.
그래. 그 컨디션 조절 잘하고 밥 잘 챙겨먹고.,네.
네.,그리고 아침에 우산 꼭 챙기고.
아 진짜 그 사람 통화도 드럽게 길게 하네. 형 이제 거의 다 온거같은데 어 가서 얘기하면 안돼? 나 죽어도 이번작품 연재는 끝나고 죽어야된단 말이야. 어? 형~ 형~,영자씨
여보세요. 왜 전화를 이제해요?,예?
예?,형 지금 그쪽때문에 사고났단 말이에요.
형 지금 그쪽때문에 사고났단 말이에요.,예? 사고요?
영자씨,사장님
사장님,어떻게 된거에요 괜찮아요?
어떻게 된거에요 괜찮아요?,어 나는 괜찮아 가로수가 죽어서 그렇지.
어 나는 괜찮아 가로수가 죽어서 그렇지.,에?
에?,영자씨한테 급히 가다 가로수를 들이 받았지 뭐야.
영자씨한테 급히 가다 가로수를 들이 받았지 뭐야.,아 난 또 사고나서 전화통화도 못한다길래 크게 다친줄 알았잖아요.
아 난 또 사고나서 전화통화도 못한다길래 크게 다친줄 알았잖아요.,조서 쓰느라 그런거야 벌금내야된데서.
조서 쓰느라 그런거야 벌금내야된데서.,아휴 아휴
아휴 아휴,영자씨 혼자 많이 당황하고 무서웠지. 근데 난 아무것도 모르고 철딱서니 없이 영자씨 속이고 거짓말이나 하고.
아니 이게 어떻게,영자씨 캐리어에 있었던거야.
영자씨 캐리어에 있었던거야.,네?
네?,이거 보는 순간 정말 영자씨 걱정돼서 눈에 보이는게 없드라. 그래서 미친듯이 영자씨한테 달려간거야.
영자씨 나 이번엔 진짜 달라질게. 다신 절대 비겁하게 도망치거나 거짓말같은거 안할거야.,왜 이래요. 일어나요.
왜 이래요. 일어나요.,그리고 영자씨랑 우리 애기 내가 확실하게 책임 질테니까.
나 안추워,내가 더워서 그래 입고 있어
내가 더워서 그래 입고 있어,나 진짜 바람 맞은거 아니다
우리 딸래미는 신이 났고 나는 밥을 해야되고. ,어디가 엄마?
어디가 엄마?,비온다. 빨래 걷으러가.
비온다. 빨래 걷으러가.,"아이 추워 내가할께. 엄마 있어. 진주야 잠깐만, 오빠 갔다올께. 아 내가할게."
야 이게 무슨 김치야 그냥 게 넣은 해물탕 이잖아,아 이제서야 해물이 많이 들어간거고 이 음식은 비싼 해산물이 잔뜩 들어간 해물탕과는 뿌리부터 다른 음식이야. 게가 풍부했던 태안반도에서는 게장을 많이 담가 먹었는데 그 게를 다 건져먹고 남은 게장 국물에 김장하고 남은 배추 겉껍질이나 무청을 넣고 버무린게 바로 이 게국지라고 
아 이제서야 해물이 많이 들어간거고 이 음식은 비싼 해산물이 잔뜩 들어간 해물탕과는 뿌리부터 다른 음식이야. 게가 풍부했던 태안반도에서는 게장을 많이 담가 먹었는데 그 게를 다 건져먹고 남은 게장 국물에 김장하고 남은 배추 겉껍질이나 무청을 넣고 버무린게 바로 이 게국지라고 ,음 이 게장 국물이 맛있어서 그렇게 해먹은가 보구나 
음 이 게장 국물이 맛있어서 그렇게 해먹은가 보구나 ,어 맛있기도 했지만 그 어려웠던 시절에 국물까지 아까워서 다 쓰려고 만든 요리지 
어 맛있기도 했지만 그 어려웠던 시절에 국물까지 아까워서 다 쓰려고 만든 요리지 ,얌마 야 아무리 어려웠다지만 게장국물이 아까워서 설마 그랬겠냐
얌마 야 아무리 어려웠다지만 게장국물이 아까워서 설마 그랬겠냐,아니 그 시절에는 그랬다니까. 그 아버지들 항상 말씀하시잖아 그때는 어려워서 개미똥구멍까지 빨아먹었다 뭐 이런말 
아니 그 시절에는 그랬다니까. 그 아버지들 항상 말씀하시잖아 그때는 어려워서 개미똥구멍까지 빨아먹었다 뭐 이런말 ,뭐 뭐뭘 빨아먹어?
뭐 뭐뭘 빨아먹어?,못들어봤어? 아 그 형네는 아버지때부터 부자셨구나
못들어봤어? 아 그 형네는 아버지때부터 부자셨구나,에이 우리 집이 무슨 부자야 우리 아버지 IMF 때 사업망해가지고 욕조없는 집에서 살았는데 
에이 우리 집이 무슨 부자야 우리 아버지 IMF 때 사업망해가지고 욕조없는 집에서 살았는데 ,형 나는 지금도 욕조 없는 집에서 살아 형 
형 나는 지금도 욕조 없는 집에서 살아 형 ,얌마 그거는 그 세종빌라가 조금 준공이.. 야 빨리 먹자 배고프다 뭐부터 먹어야돼?
얌마 그거는 그 세종빌라가 조금 준공이.. 야 빨리 먹자 배고프다 뭐부터 먹어야돼?,야이 게
야 이거 그냥 해물탕 맛이 아니네,어때 맛있어?
"야따, 우리 택이가 인제 어른이 다 돼부렀네. 언제 이렇게 철이 들었을까. 다 컸네, 다 커부렀어.","아저씨, 어머니 돌아가셨다고... 죄송합니다. 가보지도 못하고."
"아저씨, 어머니 돌아가셨다고... 죄송합니다. 가보지도 못하고.","아, 시방, 그 얘기를 뭣하러 꺼낸대? 괜히 눈물나구로. 그제... 살아서도 죽어서도 젤로다 보고잡은 게 엄니지. 아따, 울 엄니 보고잡다."
어디가!,건전지 사러요
건전지 사러요,안녕
안녕,야 넌 다리도 아픈놈이 왜 이렇게 왔다갔다 해
야 넌 다리도 아픈놈이 왜 이렇게 왔다갔다 해,거의 다 나았어
거의 다 나았어,웬일이냐
웬일이냐,"반짇고리 빌리러, 어디 가냐?"
"반짇고리 빌리러, 어디 가냐?",건전지 사러
건전지 사러,나 있어
나 있어,진짜?
진짜?,우리집 가자. 내꺼 줄게.
우리집 가자. 내꺼 줄게.,그래
그래,아줌마 안녕하세요
아줌마 안녕하세요,오야. 우리 정화이 왔나.
오야. 우리 정화이 왔나.,야 나 화장실 좀 내 방에 가있어.
야 나 화장실 좀 내 방에 가있어.,응
혼술은 알았지만 혼춤도 취미신 줄은 몰랐어요.,혼술은 맞는데 혼춤은 제 취미 아닙니다.
혼술은 맞는데 혼춤은 제 취미 아닙니다.,네?
네?,사실 노그래씨 보러간 거였어요. 남자들 득실대는 클럽에 있는 게 불안해서.
사실 노그래씨 보러간 거였어요. 남자들 득실대는 클럽에 있는 게 불안해서.,네?
네?,"웃기죠? 아, 내가 생각해도 웃기네요. 비밀연애 못박으며 티내지 말자고 해놓고. 사람들 앞에서 티 팍팍내고. 퀄리티있게 영화에 집중하자고 해놓고 영화대신 노그래씨만 감상하고. 게다가 구속, 집착은 질색이라고 해놓고 남자들이 집적댈까봐 클럽에 따라가기까지. 에유. 고퀄리티를 지향한다고 해놓고는 퀄리티 떨어지는 짓만 엄청 했네요. 그쵸?"
"웃기죠? 아, 내가 생각해도 웃기네요. 비밀연애 못박으며 티내지 말자고 해놓고. 사람들 앞에서 티 팍팍내고. 퀄리티있게 영화에 집중하자고 해놓고 영화대신 노그래씨만 감상하고. 게다가 구속, 집착은 질색이라고 해놓고 남자들이 집적댈까봐 클럽에 따라가기까지. 에유. 고퀄리티를 지향한다고 해놓고는 퀄리티 떨어지는 짓만 엄청 했네요. 그쵸?","네, 그러네요."
"네, 그러네요.",나한테 실망했습니까?
나한테 실망했습니까?,"아니요, 그래서 더 좋아졌어요."
"아니요, 그래서 더 좋아졌어요.",네?
네?,진교수님 말씀대로 고퀄리티를 지향하는 분인데 제가 잘 맞출 수 있을까 싶었거든요. 근데 걱정 안해도 될 것 같아서요.
진교수님 말씀대로 고퀄리티를 지향하는 분인데 제가 잘 맞출 수 있을까 싶었거든요. 근데 걱정 안해도 될 것 같아서요.,네?
네?,진교수님도 저랑 비슷한 감정을 지니신 것 같아서요.
진교수님도 저랑 비슷한 감정을 지니신 것 같아서요.,"아, 근데 노그래씨는 정말 나한테 바라는 거 없습니까?"
"아, 근데 노그래씨는 정말 나한테 바라는 거 없습니까?",있어요. 그냥 마음 변하지 않았으면 좋겠어요. 지금이 너무 좋아서 이 행복이 깨지지 않았으면 좋겠거든요.
수지씨 저한테 왜 숨기시는거에요?,예?
예?,어렸을때 모습 왜 안알려주려고 하냐구요
어렸을때 모습 왜 안알려주려고 하냐구요,아..아니 그게 저 사실은 많이 통통..아니 많이 뚱뚱했었거든요
아..아니 그게 저 사실은 많이 통통..아니 많이 뚱뚱했었거든요,근데요?
근데요?,예?
예?,아니 뚱뚱했는데 그게 왜요
아니 뚱뚱했는데 그게 왜요,저는 그게 상처여서..말하기가 부끄럽거든요
저는 그게 상처여서..말하기가 부끄럽거든요,아 아쉽다 뚱뚱했으면 더 귀여웠을꺼 같은데 저기 잠깐만 저 앞에 저기 저기
근데 누나. 저거 머야?,아 몰라. 택이가 준거야.
아 몰라. 택이가 준거야.,어? 어디서 난건데?
어? 어디서 난건데?,어우 답답해죽겠어 진짜. 걔 바보아니야?
어우 답답해죽겠어 진짜. 걔 바보아니야?,누가 누구한테 바보래.
누가 누구한테 바보래.,죽을래. 아니 대회에서 받은거 아무거나 갖고오라그랬더니 저거 갖고왔어. 저거 들고오기도 힘들겠다이씨. 답답이. 바보멍충이씨.
죽을래. 아니 대회에서 받은거 아무거나 갖고오라그랬더니 저거 갖고왔어. 저거 들고오기도 힘들겠다이씨. 답답이. 바보멍충이씨.,수연아 아 저 도가지좀 빌려줘바라. 파김치넣을코롱
수연아 아 저 도가지좀 빌려줘바라. 파김치넣을코롱,어.
바쁠 텐데 뭐하러 여기까지 쫓아와,당연히 와야지 조카님 하나뿐인 이모인데
당연히 와야지 조카님 하나뿐인 이모인데,넌 그렇다쳐도
넌 그렇다쳐도,아 저야말로 이집 사위 1호인데 이런 경사스러운 날 제가 빠지면 쓰냐규요
아 저야말로 이집 사위 1호인데 이런 경사스러운 날 제가 빠지면 쓰냐규요,우리 엄마 아빠 아시면 얼마나 좋아하실까 그러게 말하고 같이 오자니까
우리 엄마 아빠 아시면 얼마나 좋아하실까 그러게 말하고 같이 오자니까,사장님 지금 사정이 좀 그렇잖어 자리 잡을 때까지는 비밀로 해 어? 제부도요
사장님 지금 사정이 좀 그렇잖어 자리 잡을 때까지는 비밀로 해 어? 제부도요,걱정마세요 지퍼 채웠다규요
걱정마세요 지퍼 채웠다규요,배는 좀 괜찮아요?
배는 좀 괜찮아요?,우리 꿀벌이 처음 보는 날이라 긴장했나봐
우리 꿀벌이 처음 보는 날이라 긴장했나봐,"꿀, 꿀벌이? 아 태명을 꿀벌이로 지으신거예요?"
"꿀, 꿀벌이? 아 태명을 꿀벌이로 지으신거예요?",아 실은 지난 8월에 우리 어머니 기일이라 같이 벌초 갔거든요 그때 제가 벌에 쏘이는 바람에 둘이 펜션에서 잠깐 쉬어
아 실은 지난 8월에 우리 어머니 기일이라 같이 벌초 갔거든요 그때 제가 벌에 쏘이는 바람에 둘이 펜션에서 잠깐 쉬어,그만하시죠 사장님
그만하시죠 사장님,이영애씨 
이영애씨 ,예
아 저기 드라마 같은데서 보면 다 배 위로 하던데,초기엔 질 초음파해야 정확히 보여요 다리 힘 빼시구요 후하세요
축하드려요 임신 10주차에 접어드셨네요,벌써 10주나 됐어요?
벌써 10주나 됐어요?,축하드려요 처형
축하드려요 처형,축하해요 언니
축하해요 언니,제가 작년에 통풍때문에 약을 먹었거든요? 괜찮을까요? 그리고 임신한줄 모르고 술도 좀 마셨는데
제가 작년에 통풍때문에 약을 먹었거든요? 괜찮을까요? 그리고 임신한줄 모르고 술도 좀 마셨는데,임신전에 약 끊으셨으면 상관없구요 술은 모르고 드신 건 어쩔 수 없고 앞으로만 조심하세요
임신전에 약 끊으셨으면 상관없구요 술은 모르고 드신 건 어쩔 수 없고 앞으로만 조심하세요,아 예
아 예,"태아 심장 박동은 정상이구요 여기 보시면 머리, 배, 팔 다리 다 보이시죠?"
"태아 심장 박동은 정상이구요 여기 보시면 머리, 배, 팔 다리 다 보이시죠?",저 젤리곰처럼 생긴거요?
저 젤리곰처럼 생긴거요?,와 영자씨 닮아서 소름끼치게 귀엽다 그치?
와 영자씨 닮아서 소름끼치게 귀엽다 그치?,"아유 벌써부터 아내 바보, 자식 바보 이야기시네?"
"아유 벌써부터 아내 바보, 자식 바보 이야기시네?",앞으로 뭐 궁금한거 있으시면 이집 사위 1호이자 선배 아빠인 저한테 다 물어보시라규요
앞으로 뭐 궁금한거 있으시면 이집 사위 1호이자 선배 아빠인 저한테 다 물어보시라규요,부탁드릴게요 그럼
부탁드릴게요 그럼,별 이상은 없지만 산모분이 초산에 나이도 있으시니 조심하세요
별 이상은 없지만 산모분이 초산에 나이도 있으시니 조심하세요,예
예,자 여기 산모수첩이요
근데 쌤 노래 잘 부르시던데요?,너 어디가서 말하진마. 니말대로 기분좋은 일 있어서 자축하고싶긴 했거덩. 
너 어디가서 말하진마. 니말대로 기분좋은 일 있어서 자축하고싶긴 했거덩. ,무튼 다행이다. 
무튼 다행이다. ,뭐?
뭐?,그 때 여수에서 만났을 때요. 쌤이 울적해 보여서 걱정됐거든요. 이렇게 기뻐하는 모습 보니까 다행이라구요. 
그 때 여수에서 만났을 때요. 쌤이 울적해 보여서 걱정됐거든요. 이렇게 기뻐하는 모습 보니까 다행이라구요. ,"그러고 보면 넌 항상 만날 때마다 나 챙겨주고 위로해주고 그러네. 고맙다, 공명아. "
"그러고 보면 넌 항상 만날 때마다 나 챙겨주고 위로해주고 그러네. 고맙다, 공명아. ","에이, 고맙긴요. "
"에이, 고맙긴요. ","아니야, 정말 고마워. 공명이 넌 이 노량진에서 내 애제자 1호야. "
"아니야, 정말 고마워. 공명이 넌 이 노량진에서 내 애제자 1호야. ",거 애제자 말고 남친하면 안될까요? 그 때 여수에서 소개해드렸던 진공명. 쌤 남친으로 딱인데. 
거 애제자 말고 남친하면 안될까요? 그 때 여수에서 소개해드렸던 진공명. 쌤 남친으로 딱인데. ,이게 또 시작인데. 어디 선생님한테.
이게 또 시작인데. 어디 선생님한테.,저 공시준비 관두면 저한테 선생님 아니거든요. 관두면 사귈겁니까? 그럼 당장 관두구요. 
저 공시준비 관두면 저한테 선생님 아니거든요. 관두면 사귈겁니까? 그럼 당장 관두구요. ,정말 혼나볼래? 이게 자꾸 어른을 갖고노네. 
정말 혼나볼래? 이게 자꾸 어른을 갖고노네. ,에헤이 진짜 몇 살 차이 난다고. 끽 해야 두 세 살 차이밖에 안 나겠고만. 
에헤이 진짜 몇 살 차이 난다고. 끽 해야 두 세 살 차이밖에 안 나겠고만. ,내가 좀 동안이라 그렇지. 나 마흔살이거든?
내가 좀 동안이라 그렇지. 나 마흔살이거든?,선생님이 마흔 살이면 저도 마흔 살입니다. 어? 저거 쌤 집 가는 버스아니에요?
선생님이 마흔 살이면 저도 마흔 살입니다. 어? 저거 쌤 집 가는 버스아니에요?,어? 어? 저거 막찬데?
누구?,예 저는 그 저
예 저는 그 저,대리기사예요. 제가 좀 술이 취해가지고 부축해주시느라.. 기사님 돈 여기.
대리기사예요. 제가 좀 술이 취해가지고 부축해주시느라.. 기사님 돈 여기.,예예예 그럼 다음에 또 술 드시고 애용해주세요.
예예예 그럼 다음에 또 술 드시고 애용해주세요.,감사합니다
감사합니다,술 먹고 노느라 내 문자 씹는건 좀 아니지 않나? 여기서 오분이나 기다렸잖아
술 먹고 노느라 내 문자 씹는건 좀 아니지 않나? 여기서 오분이나 기다렸잖아,죄송합니다 근데 제가 놀러나간건아니
죄송합니다 근데 제가 놀러나간건아니,"됐고, 일본 바이어들한테 피드백받은거야. 패키시 수정할때 참고해"
"됐고, 일본 바이어들한테 피드백받은거야. 패키시 수정할때 참고해",예
예,"일본에서는 한국 인삼을 높게 쳐준다고 하니까 요 이미지를 좀 더 크게 키우고 글씨 폰트는 좀  심플하게 바꾸고 명도도 높이고 인삼 잔털들은 좀 제거를 하고, 생자는 칼라를 좀 더 생생한 칼라로 바꿔주고"
"일본에서는 한국 인삼을 높게 쳐준다고 하니까 요 이미지를 좀 더 크게 키우고 글씨 폰트는 좀  심플하게 바꾸고 명도도 높이고 인삼 잔털들은 좀 제거를 하고, 생자는 칼라를 좀 더 생생한 칼라로 바꿔주고",알겠습니다
뭐야,그러고보니 커졌네. 가슴이 커졌어
그러고보니 커졌네. 가슴이 커졌어,아이 깜짝이야
아이 깜짝이야,왜? 애 떨어질 뻔 했냐?
왜? 애 떨어질 뻔 했냐?,뭐?
뭐?,다 알어. 어쩔려고 이랬어. 
경력직 면접 보러 오셨죠? 서류 작성해주세요,아유 어떻게 그렇게 한눈에 딱 알아보세요? 센스쟁이   
윤 윤대리님? ,민심 수습은 개뿔 여기가 너 거래처냐?
민심 수습은 개뿔 여기가 너 거래처냐?,아니 윤대리님이야말로 일 따온다면서요 
아니 윤대리님이야말로 일 따온다면서요 ,니 한 몸 불살라 지성사 지키겠다더니 넌 몸이 두개야? 거기서도 불살르고 여기서도 불살르게 조사장 빠돌이 조빠 주제에 아주 치가 떨린다 임마 진짜
니 한 몸 불살라 지성사 지키겠다더니 넌 몸이 두개야? 거기서도 불살르고 여기서도 불살르게 조사장 빠돌이 조빠 주제에 아주 치가 떨린다 임마 진짜,저야 말로 치 떨리네요 아이 또 어떤 회사를 망하게 할라고 영업직 면접을 보세요 보시긴? 
저야 말로 치 떨리네요 아이 또 어떤 회사를 망하게 할라고 영업직 면접을 보세요 보시긴? ,야 임마 너 말 다 했어 임마?
야 임마 너 말 다 했어 임마?,아니요 다 못 했는데요 이번 기회에 영업 그만두고 고향 내려가서 소똥이나 치우시죠 윤대리
이제 면접 다 끝난건가?,밖에 한 명 더 와있는데요
밖에 한 명 더 와있는데요,거 뭡니까?
거 뭡니까?,아 여기서 이러시면 안돼요 
아 여기서 이러시면 안돼요 ,사장님! 이 사람 절대로 절대로 뽑으시면 안돼요 절대 
사장님! 이 사람 절대로 절대로 뽑으시면 안돼요 절대 ,안녕하세요 면접 보러 온 윤서현
사랑해요 오마니.,이제 니 아버지가 안하니까 니가 하니? 어휴 내 팔자야. 어휴 내 팔자. 
이제 니 아버지가 안하니까 니가 하니? 어휴 내 팔자야. 어휴 내 팔자. ,내가 와 안하는데. 나도 이거 잘 한다. 사랑해요 물고메. 
피자 맛은 다 비슷하던데?,"뭐? 다 비슷? 이 화덕피자에서는 사계절의 맛이 나지. 초록색 바질이 향긋하게 코 끝을 간질이며 대지의 봄을 느끼게 하고, 빨간색 토마토 소스는 여름의 강렬한 태양의 맛을 선사해. 고소한 치즈의 맛은 가을의 풍요로움을, 은은하게 풍겨오는 장작향은 겨울의 맛을 전해주지. 아유, 이 누나 또 그새를 못참고 드시네."
"뭐? 다 비슷? 이 화덕피자에서는 사계절의 맛이 나지. 초록색 바질이 향긋하게 코 끝을 간질이며 대지의 봄을 느끼게 하고, 빨간색 토마토 소스는 여름의 강렬한 태양의 맛을 선사해. 고소한 치즈의 맛은 가을의 풍요로움을, 은은하게 풍겨오는 장작향은 겨울의 맛을 전해주지. 아유, 이 누나 또 그새를 못참고 드시네.",이 피자는 뜨거울 때 먹어야 제일 맛있는거 몰라요? 그 사계절 타령 듣다가 피자 다 식어빠지겠네.
이 피자는 뜨거울 때 먹어야 제일 맛있는거 몰라요? 그 사계절 타령 듣다가 피자 다 식어빠지겠네.,"이 누나는 음식의 맛만 알지, 음식의 멋을 몰라."
"이 누나는 음식의 맛만 알지, 음식의 멋을 몰라.",두 사람 또 시작이에요? 제발 친하게 좀 지내요.
두 사람 또 시작이에요? 제발 친하게 좀 지내요.,이 누나 다 먹겠다. 먹자.
"예쁘다, 왕조연.",응.
응.,현실엔 저런 여자 없어.
현실엔 저런 여자 없어.,넌 요새 누가 제일 예쁘냐?
넌 요새 누가 제일 예쁘냐?,어... 왕조연?
어... 왕조연?,현실에 저런 여자 없다니까. 난 정의여고에 한 명 반했지.
짐 이게 다야? 중국에 일주일 있는다며.,와이셔츠랑 바지. 자켓은?
와이셔츠랑 바지. 자켓은?,넣었어
넣었어,그럼 됐어
그럼 됐어,"중국에 세명, 일본 두명, 한국에도 한 명 남았으니까. 내일 첫 판지면 바로 오겠네 그치?"
"중국에 세명, 일본 두명, 한국에도 한 명 남았으니까. 내일 첫 판지면 바로 오겠네 그치?","내가 괜히 초 치려고 하는 소리가 아니라, 안되는건 안되는거야. 괜히 국민들한테 이런 희망 같은거 심어주지 말고 그냥 돌아와가지고 우리 피자나 사줘. 종로에 하나 새로 생겼단다"
"내가 괜히 초 치려고 하는 소리가 아니라, 안되는건 안되는거야. 괜히 국민들한테 이런 희망 같은거 심어주지 말고 그냥 돌아와가지고 우리 피자나 사줘. 종로에 하나 새로 생겼단다",이기면 어떡할건데?
이기면 어떡할건데?,이기면 너 하고싶은거 하는 거지. 그걸 나한테 물어.
이기면 너 하고싶은거 하는 거지. 그걸 나한테 물어.,"아휴, 술을 마시기를 하냐. 여자를 만나기를 하냐. 넌 뭔 재미로 사니?"
"아휴, 술을 마시기를 하냐. 여자를 만나기를 하냐. 넌 뭔 재미로 사니?",너 뭐 하고 싶은거 없어? 바둑두는거 말고 하고 싶은거 없어?
너 뭐 하고 싶은거 없어? 바둑두는거 말고 하고 싶은거 없어?,영화
영화,영화배우?
영화배우?,영화 보고 싶어
영화 보고 싶어,이번에 이기면 보면 되겠네. 이번에 이기면 봐
이번에 이기면 보면 되겠네. 이번에 이기면 봐,"아이고, 그전에 택아. 옷부터 다시 입자."
"아이고, 그전에 택아. 옷부터 다시 입자.",내가 이해가 안가. 사람들이 너한테 왜 지는거냐? 참 진짜
내가 이해가 안가. 사람들이 너한테 왜 지는거냐? 참 진짜,"내, 내가 할게."
안녕하세요,아 오셨어요
아 오셨어요,예
예,어 저기 얼굴에 벚꽃 붙었어요. 아니아니 거기 말고 조금 더 위
어 저기 얼굴에 벚꽃 붙었어요. 아니아니 거기 말고 조금 더 위,여기요?
형형형형형형 우리 이제 그만타고 사우나 가자 야 너..너도 힘들어보이니까 집에 가 ,그럼 뭐 그럴까요 작가님 조심히 들어가세요 
그럼 뭐 그럴까요 작가님 조심히 들어가세요 ,예 
언니 안녕하세요,안녕하세요
안녕하세요,날이 좋아서 그런가 너무 덥죠. 여자들은 이래서 불편하다니깐요 으 민망해
야 왜 이렇게 밥을 못먹냐,에?
에?,"야 니가 좋아하는 꼬막이다, 여기다 밥먹어"
"야 니가 좋아하는 꼬막이다, 여기다 밥먹어",어 명희네는 아니다 이거지? 어 그래 언니 들어가 쉬어 응응
어 명희네는 아니다 이거지? 어 그래 언니 들어가 쉬어 응응,강릉 큰 이모야? 왜?
강릉 큰 이모야? 왜?,"응 간밤에 황금돼지가 치마폭에 퐉 뛰어들지 뭐야, 분명히 태몽같은데"
"응 간밤에 황금돼지가 치마폭에 퐉 뛰어들지 뭐야, 분명히 태몽같은데",태몽이요? 장모님 진짜 용하시네
태몽이요? 장모님 진짜 용하시네,"가만, 이거 혹시 영채 너 셋째 가진거 아니지?"
"가만, 이거 혹시 영채 너 셋째 가진거 아니지?","엄마도 참, 걱정마. 난 아니야"
"엄마도 참, 걱정마. 난 아니야","그럼 누구야, 분명히 태몽 맞는데"
"그럼 누구야, 분명히 태몽 맞는데",잘 먹었습니다
잘 먹었습니다,"아 좀 더 먹으라니까, 그 사람 참. 아쉬운 소리말고 밥이나 먹어"
"아 좀 더 먹으라니까, 그 사람 참. 아쉬운 소리말고 밥이나 먹어",죽기전에 영애년 태몽 한번 꿔보면 소원이 없겠네
어? 윤대리님 손 왜그러세요?,그냥 좀 다쳤어
그냥 좀 다쳤어,근데 정과장님은요? 한 집 사시면서 같이 출근 안하셨어요?
근데 정과장님은요? 한 집 사시면서 같이 출근 안하셨어요?,몰라 그놈 자식 출근하든지 말든지
몰라 그놈 자식 출근하든지 말든지,정과장님! 눈은 왜 그모양 그꼴이에요?
정과장님! 눈은 왜 그모양 그꼴이에요?,"궁예인줄, 근데 거기서 주무셨어요?"
"궁예인줄, 근데 거기서 주무셨어요?","뭐야, 근데 어떻게 영업직원 한명도 출근 안했어? 지금 시간이 몇신데? 한대리네. 아이 침침해라, 수민씨 이것 좀 읽어줘봐"
"뭐야, 근데 어떻게 영업직원 한명도 출근 안했어? 지금 시간이 몇신데? 한대리네. 아이 침침해라, 수민씨 이것 좀 읽어줘봐",조빠 정과장 잘들어라. 지성이라곤 어림 반푼어치도 없는 이 조같은 회사 때려 치울란다 라는데요
조빠 정과장 잘들어라. 지성이라곤 어림 반푼어치도 없는 이 조같은 회사 때려 치울란다 라는데요,"하여간 요즘 젊은 것들은 사람이 말이야. 뭐야, 아 여보세요? 아예 최사장님, 예? 아 갑자기 그렇게 일을 펑크내면 어떡해요? 아이 최사, 여보세요 최사장님!"
"하여간 요즘 젊은 것들은 사람이 말이야. 뭐야, 아 여보세요? 아예 최사장님, 예? 아 갑자기 그렇게 일을 펑크내면 어떡해요? 아이 최사, 여보세요 최사장님!",아이 무슨 전환데 그래요?
아이 무슨 전환데 그래요?,아니 간판사에서 우리 일 다 빼겠대. 대금 넣기 전까지는 작업 안들어가겠데
아니 간판사에서 우리 일 다 빼겠대. 대금 넣기 전까지는 작업 안들어가겠데,아니 갑자기 이제와서 왜
아니 갑자기 이제와서 왜,"왜냐뇨, 조사장 잡혀들어가고 회사 망할까봐 미리 발빼는거죠 뭐"
"왜냐뇨, 조사장 잡혀들어가고 회사 망할까봐 미리 발빼는거죠 뭐","어떡해요, 내일 당장 오복횟집이랑 싱싱노래방 개업식인데"
"어떡해요, 내일 당장 오복횟집이랑 싱싱노래방 개업식인데","간판도 없이 개업시키게 생겼네 진짜, 망했네 망했어"
"간판도 없이 개업시키게 생겼네 진짜, 망했네 망했어","아무리 그래도 낙원사때부터 거래한 정이 있지 너무하시네 진짜, 뭔 방법 없나"
 저기 선우야.,딴 사람한텐 절대 얘기 안할게요.
딴 사람한텐 절대 얘기 안할게요.,독심술하니. 
독심술하니. ,관심이 많으니까.
관심이 많으니까.,"야, 누나 지금 그럴 기분아니다."
근데 손은 왜 그러냐.,"아, 넘어졌어요."
"아, 넘어졌어요.",어이그. 덩치는 산만해서 하는 짓은. 
안아프디?,저 먼저 갈게요.
"쌤, 타세요. 얼른요! 큰일 났어요 큰일!",뭔데?
뭔데?,얼른 타시라니까요. 클났다구요 글쎄. 
얼른 타시라니까요. 클났다구요 글쎄. ,뭔데 또.
뭔데 또.,무슨 일인데? 무슨 큰일이 났다는건데?
무슨 일인데? 무슨 큰일이 났다는건데?,완전 큰일이죠. 큰일이 안 났는데 큰일났다고 뻥쳤으니 이게 큰일이 아니고 뭐겠어요. 
완전 큰일이죠. 큰일이 안 났는데 큰일났다고 뻥쳤으니 이게 큰일이 아니고 뭐겠어요. ,뭐어? 공부는 안하고 뭐하는거야. 이 차는 또 뭐고?
뭐어? 공부는 안하고 뭐하는거야. 이 차는 또 뭐고?,아 그냥 누구 차 좀 빌렸어요. 쌤 집에 데려다 주려구요. 
아 그냥 누구 차 좀 빌렸어요. 쌤 집에 데려다 주려구요. ,뭐? 날 왜 델다줘? 너 혹시 알았니?
뭐? 날 왜 델다줘? 너 혹시 알았니?,네? 뭘요?
네? 뭘요?,"어, 아 아니야. "
"어, 아 아니야. ",쌤 기절한거요?
쌤 기절한거요?,너 설마 그것도 봤니? 그 짤?
너 설마 그것도 봤니? 그 짤?,네?
네?,"아, 아니야. "
"아, 아니야. ","숲에서 곰 만나 기절한거요, 아님 오바마 만나 기절한거요?"
"숲에서 곰 만나 기절한거요, 아님 오바마 만나 기절한거요?",다 봤구나. 그랬구나. 
다 봤구나. 그랬구나. ,애들도 참 못됐어요. 사람이 쓰러졌는데 그런 짤이나 만들구. 다들 쌤이 긴장해서 쓰러진 줄 알고 그러나본데 왜 사실대로 말씀 안하세요?
애들도 참 못됐어요. 사람이 쓰러졌는데 그런 짤이나 만들구. 다들 쌤이 긴장해서 쓰러진 줄 알고 그러나본데 왜 사실대로 말씀 안하세요?,뭘?
뭘?,동영이한테 다 들었어요. 쌤 쓰러진 거 다른 쌤이 준 약먹고 알러지 쇼크 온거라구. 그거 왜 말씀 안하시냐구요. 
동영이한테 다 들었어요. 쌤 쓰러진 거 다른 쌤이 준 약먹고 알러지 쇼크 온거라구. 그거 왜 말씀 안하시냐구요. ,말해봤자 그 교수님 탓하는거밖에 안될 거 같아서. 좋은뜻으로 주신건데 곤란하게 만들 수 없잖아. 
말해봤자 그 교수님 탓하는거밖에 안될 거 같아서. 좋은뜻으로 주신건데 곤란하게 만들 수 없잖아. ,지금 쌤이 더 곤란한 상황이거든요. 
지금 쌤이 더 곤란한 상황이거든요. ,어쨌든 먹고 쓰러진 건 난데 뭐. 내가 감당하는 게 맞아. 내가 알아서 할게. 
어쨌든 먹고 쓰러진 건 난데 뭐. 내가 감당하는 게 맞아. 내가 알아서 할게. ,"아이고, 정말 착하신건지 답답하신건지. 근데 몸 진짜 괜찮은 거 맞아요?"
"아이고, 정말 착하신건지 답답하신건지. 근데 몸 진짜 괜찮은 거 맞아요?","어, 괜찮아."
아 그럼 교회랑 유치원 현수막은 해결 됐고. 책자는?,아 예 저희가 지금 하고있어요
아 예 저희가 지금 하고있어요,아 바꼈어 여기
아 바꼈어 여기,아 
수민씬? 잘돼가?,아닌데. 택도없는데. 이딴거 말도 안해주고 회사 관두고.
아닌데. 택도없는데. 이딴거 말도 안해주고 회사 관두고.,걱정마. 안그래도 내가 지원사격 부탁해놨어
걱정마. 안그래도 내가 지원사격 부탁해놨어,지원사격이요?
지원사격이요?,사장님사장님사장님사장님사장님 아 웬일이야 베트남계신거 아니었어요?
사장님사장님사장님사장님사장님 아 웬일이야 베트남계신거 아니었어요?,이 소름끼치게 격한 인사는 넣어둬 넣어두고 일부터 하자 우리. 지금 무지 급하다거덩
이 소름끼치게 격한 인사는 넣어둬 넣어두고 일부터 하자 우리. 지금 무지 급하다거덩,간만에 몸 좀 풀어볼까?
수민씨 나 뭐부터 하면 돼?,학원 전단지인데요. 이미지부터 따주세요 라부장님
"고맙다, 공명아. 이제 얼른 가서 공부해. ",네. 근데 쌤 집은 어디에요?
네. 근데 쌤 집은 어디에요?,어? 어 뭐 그냥 저어기. 
어? 어 뭐 그냥 저어기. ,"아아, 저기요. 커튼 되게 귀엽네요. 딱 여자집같네. 역시 집도 주인 닮나봐요. "
"아아, 저기요. 커튼 되게 귀엽네요. 딱 여자집같네. 역시 집도 주인 닮나봐요. ",그치? 주인닮았지. 암튼 이제 얼른가 얼른. 
그치? 주인닮았지. 암튼 이제 얼른가 얼른. ,네.
기다리긴 뭘 기다려,사장님 왜 그러세요 
아 사장님 특수 인쇄 맡길만한 데 아시는데 있으세요? ,낙원사댁 거리에 있는 인쇄소 거긴어때? 전화 한 통 넣어줘?
낙원사댁 거리에 있는 인쇄소 거긴어때? 전화 한 통 넣어줘?,아 그럼 저희야 땡큐죠 
야~ 이실장은 아주 전투적으로 먹네. 자기가 부대원이여서 부대찌개를 잘먹나?,부대원이요?
부대원이요?,솔로 부대요. 혼자서 와와와왁. 솔로니까 룰루루 이 아무래도 지금 부대찌개값보다 지금 여기보면 라면 사리값이 더 나올거 같습니다.
솔로 부대요. 혼자서 와와와왁. 솔로니까 룰루루 이 아무래도 지금 부대찌개값보다 지금 여기보면 라면 사리값이 더 나올거 같습니다.,어어. 괜찮아요. 이실장 먹고 싶은거 실컷 먹어야죠. 보너슨데.
어어. 괜찮아요. 이실장 먹고 싶은거 실컷 먹어야죠. 보너슨데.,보너스요?
보너스요?,아 사무장님 말고 이실장말이요. 이실장은 연말 보너스가 이거예요.
아 사무장님 말고 이실장말이요. 이실장은 연말 보너스가 이거예요.,"네? 아니, 그게 무슨 말씀이세요."
"네? 아니, 그게 무슨 말씀이세요.","아, 아시다시피 사무실 사정이 예전같지가 않아서요. 그래서 보너스를 업적이나 공헌도에 따라서 지급하기로 했습니다. 최사무장님은 영업으로 신권을 꽤 가지고 오신데 반해 이실장님은 한게 없잖아요. 그럼 저 먼저 일어날테니까 드시고 들어오세요. 아 그리고 이실장. 밥먹고 은행들러서 사무장님 보너스 넣어드리도록 하세요."
"아, 아시다시피 사무실 사정이 예전같지가 않아서요. 그래서 보너스를 업적이나 공헌도에 따라서 지급하기로 했습니다. 최사무장님은 영업으로 신권을 꽤 가지고 오신데 반해 이실장님은 한게 없잖아요. 그럼 저 먼저 일어날테니까 드시고 들어오세요. 아 그리고 이실장. 밥먹고 은행들러서 사무장님 보너스 넣어드리도록 하세요.","아, 조심해서 들어가십시오."
우리 강아지. 이럴 때는 우리 기범이가 빠지면 생파도 아이다. ,"아 당연하지. 할머니, 생일축하해. "
예 사장님,영자씨 일 끝났으면 일로 올래? 여기 낙원사 사람들 다 모여있는데 영자씨 보고 싶다고 난리야
영자씨 일 끝났으면 일로 올래? 여기 낙원사 사람들 다 모여있는데 영자씨 보고 싶다고 난리야,아 저기 그게요
아 저기 그게요,아 오바이트할 거 같애
아 오바이트할 거 같애,그러게 그만 마시라고 했잖아
그러게 그만 마시라고 했잖아,뭐야? 영자씨 술집이야?
뭐야? 영자씨 술집이야?,예 그냥 바이어들하고 얘기 좀 하고 있어요
예 그냥 바이어들하고 얘기 좀 하고 있어요,접대하러 간거야? 임산부가 접대가 웬말이야
접대하러 간거야? 임산부가 접대가 웬말이야,그런거 아니구요 그냥 술자리에서 대충 분위기만 맞춰주고 있어요
그런거 아니구요 그냥 술자리에서 대충 분위기만 맞춰주고 있어요,그게 그거지 뭐야 혁규씨는 뭐하고
그게 그거지 뭐야 혁규씨는 뭐하고,제부가 제 대신 술 다 마셔주고 있으니까 걱정하지마세요
제부가 제 대신 술 다 마셔주고 있으니까 걱정하지마세요,어딘데? 내가 지금 데리러 갈게
어딘데? 내가 지금 데리러 갈게,괜찮아요 이따 다시 전화할게요 끊어요
사놓고 한번도 못 입힌건데 조카님 줘야겠다 뭐 더 줄거 없나? 아들인지 딸인지를 알아야 내가,뭐야 아니 해진이 어릴때 옷을 왜?
뭐야 아니 해진이 어릴때 옷을 왜?,그냥
그냥,어쩌려고 그래? 내가 셋째는 안된다고 그랬지?
어쩌려고 그래? 내가 셋째는 안된다고 그랬지?,아퍼 그런거 아니라니까
아퍼 그런거 아니라니까,근데 왜 이거 꺼내놓고 있어 해진이 해밀이는 입지도 못하는데 너 사실대로 안 불어?
근데 왜 이거 꺼내놓고 있어 해진이 해밀이는 입지도 못하는데 너 사실대로 안 불어?,아 왜 또 이렇게 시끄럽게 그래? 무슨 일이야?
아 왜 또 이렇게 시끄럽게 그래? 무슨 일이야?,엄마 진정해 아니야 난 아니라니까
엄마 진정해 아니야 난 아니라니까,넌 아니라고? 그럼 누군데
넌 아니라고? 그럼 누군데,그게 어 오빠
그게 어 오빠,큰일났다규 처형 응급실에 실려가셨다규
큰일났다규 처형 응급실에 실려가셨다규,뭐? 언니가? 임산부가 응급실엔 왜?
뭐? 언니가? 임산부가 응급실엔 왜?,영채야 지금 이게 무슨 소리야
아 다행히 기간 맞춰 그래도 잘 마무리했네,자 그럼 일도 마쳤겠다 퇴근들하지? 이런말 하니까 꼭 내가 이 회사 사장 같네
자 그럼 일도 마쳤겠다 퇴근들하지? 이런말 하니까 꼭 내가 이 회사 사장 같네,오늘 하루는 진짜 사장님 같으셨어요
오늘 하루는 진짜 사장님 같으셨어요,그러게요
그러게요,뭐야 왜그래 수민씨? 아닌데? 사장안같은데? 이렇게 안하니까 이상하잖아 
뭐야 왜그래 수민씨? 아닌데? 사장안같은데? 이렇게 안하니까 이상하잖아 ,아닌데? 사장님 같으셔서 사장님 같다고 한 것 뿐인데 
아닌데? 사장님 같으셔서 사장님 같다고 한 것 뿐인데 ,왜들이래? 소름끼치게 오글거리게
왜들이래? 소름끼치게 오글거리게,아 그럼 오글오글 보글보글 지글지글 안주 쫙 깔아놓고 한 잔 어때요?
아 그럼 오글오글 보글보글 지글지글 안주 쫙 깔아놓고 한 잔 어때요?,그럴까? 오랜만에 회식 한 번 떙겨봐?
뭐야? 이유식이야? 라부장의 시간은 거꾸로 가?,아니 제가 먹으려고 그러는게 아니구요 마이클 줄려구요  
아니 제가 먹으려고 그러는게 아니구요 마이클 줄려구요  ,왠 개야?
왠 개야?,회사에 누가 두고간 갠데 불쌍해서 라부장님이 집에 잠깐 데려가신데요
회사에 누가 두고간 갠데 불쌍해서 라부장님이 집에 잠깐 데려가신데요,아니 누가 인쇄소에 쳐박아 놨지 뭐야 돌본 정도 있고 내가 데려가야지 어쩌겠어   
아니 누가 인쇄소에 쳐박아 놨지 뭐야 돌본 정도 있고 내가 데려가야지 어쩌겠어   ,으유 으유 으유 으유 말만 쎘지 마음은 약한 우리 라부장 한 잔 받아 오늘 하루 수고했어 라부장
라부장님,뭐야 갑자기 왜 그래?  
뭐야 갑자기 왜 그래?  ,아니 요즘에 맨날 아줌마 저기요 이렇게 불리다가 사장님이 라부장이라고 불러주시니까 그냥 옛날 낙원사로 돌아간거 같애
돌림 노래해? 왜 돌아가면서 울어?,그동안 지성사에서 저 얼마나 서러웠는지 몰라요 조사장 일만 잘 물어오면 뭐해요 사람을 사람 취급 안해주는데 수현이랑 수현엄마 아니었으면요 진작에 때려쳤다구요
제가 죄송해요 그동안 싸가지 없이 굴어가지고 ,니가 뭔 잘못이냐? 이게 다 조사장 때문이지 
니가 뭔 잘못이냐? 이게 다 조사장 때문이지 ,힘 힘내세요 두분
힘 힘내세요 두분,분위기 왜들 이래?
분위기 왜들 이래?,암튼 오늘 사장님 덕분에 오랜만에 네일 한거 같애서 좋아요 이거 베트남 호치민 쌀국수 무료쿠폰인데 넣어둬 넣어둬
암튼 오늘 사장님 덕분에 오랜만에 네일 한거 같애서 좋아요 이거 베트남 호치민 쌀국수 무료쿠폰인데 넣어둬 넣어둬,뭐야? 나 이거 도로 베트남 가야 돼?
뭐야? 나 이거 도로 베트남 가야 돼?,라부장님 쿠폰보니까 진짜 낙원사 회식 같네요 
라부장님 쿠폰보니까 진짜 낙원사 회식 같네요 ,그러게 옛날 생각 나네  
그러게 옛날 생각 나네  ,어? 낙원이다 
어? 낙원이다 ,어 진짜네?
코피는 괜찮아?,아이씨 뭐야.
무조건 이렇게 저한테 패스하시라규요. 제가 흑기사 해드릴테니까.,아 근데 그러다가 누가 눈치채면 어떡해요?
아 근데 그러다가 누가 눈치채면 어떡해요?,그래서 만약을 대비한 플랜B가 있다규요. 막걸리 대신에 우유 담아놨으니까 여차하면 이거 드시면 된다규요.
그래서 만약을 대비한 플랜B가 있다규요. 막걸리 대신에 우유 담아놨으니까 여차하면 이거 드시면 된다규요.,오. 이런 방법이 있었네요.
오. 이런 방법이 있었네요.,그리고 만약의 만약을 대비한 플랜C
그리고 만약의 만약을 대비한 플랜C,이걸로 뭘 하는건데요 제부?
이걸로 뭘 하는건데요 제부?,어쩔 수 없이 술을 마셨을 경우
이렇게 하면 감쪽같다규요.,오
오,저만 믿고 따라오시라규요.
저만 믿고 따라오시라규요.,예
예,그리고 무엇보다 일본사람들이 원래 얌전해서 우리처럼 막 부어라 마셔라 이런 분위기가 아니잖아요. 아마 지금쯤 조용히 식사하면서 하이! 하이! 요러고 있을 분위기일거라구요.
그리고 무엇보다 일본사람들이 원래 얌전해서 우리처럼 막 부어라 마셔라 이런 분위기가 아니잖아요. 아마 지금쯤 조용히 식사하면서 하이! 하이! 요러고 있을 분위기일거라구요.,이사장
어 수연이 안녕. 오빠 데이트하러 간다. 건투를 빌어줘.,어 택이 벌써 왔어. 너 먼저 가있어. 나 좀 늦게.
"뭐야, 수민씨 이제야 출근한 거야? 지금 시간이 몇 신데! 또 남친 집에서 잤어?",아닌데. 전화로 밤새 싸웠는데요? 개새끼.
아닌데. 전화로 밤새 싸웠는데요? 개새끼.,어머 어머... 개새끼가 뭐야 개새끼가!
아 뭐야!,왜 휴지 없어?
왜 휴지 없어?,아니요. 옷이 없어요.
뭐?,아휴... 담배 끊어야 되는데.
아휴... 담배 끊어야 되는데.,형 내년부턴 담배 끊을까요?
형 내년부턴 담배 끊을까요?,옷을 안 입었다니? 그게 무슨 소리야?
옷을 안 입었다니? 그게 무슨 소리야?,남친이랑 밤새 싸우고 정신이 없었어요. 
남친이랑 밤새 싸우고 정신이 없었어요. ,아니 아무리 그래도 그렇지. 설마 코트 속에 홀딱 벗었다는 건 아니지? 여기서 뭐하는 거예요?
아니 아무리 그래도 그렇지. 설마 코트 속에 홀딱 벗었다는 건 아니지? 여기서 뭐하는 거예요?,다...담배 하나 피러 가려고. 
다...담배 하나 피러 가려고. ,수민씨 어디 가? 얼른 가서 옷 사입고 와!
수민씨 어디 가? 얼른 가서 옷 사입고 와!,아휴 나 오늘부터 다 담배 끊으려고.
아휴 나 오늘부터 다 담배 끊으려고.,그럼요! 몸에도 안 좋은데 끊어야죠.
감기 걸리신 거 아니예요?, 어 아니야~ 차에서 자서 그런가봐. 영자씨는 괜찮아?
 어 아니야~ 차에서 자서 그런가봐. 영자씨는 괜찮아?,"네, 아 오늘 미팅 있어서 일찍 올라가 보셔야 된다고 그랬죠?"
"네, 아 오늘 미팅 있어서 일찍 올라가 보셔야 된다고 그랬죠?",어... 오오오 시간이 없어 시간이.
어... 오오오 시간이 없어 시간이.,"왜요, 벌써 가셔야 돼요?"
"왜요, 벌써 가셔야 돼요?",아니! 가기 전에 빨리 놀아야지~
아후 어떡해? 언니 전화기 아예 꺼졌나봐. 오늘 올라갈 거라는 얘기도 못했는데.,아 뭐? 아 처형 짐도 다 싸고 방도 뺐는데?
아 뭐? 아 처형 짐도 다 싸고 방도 뺐는데?,야야 저저 빨리 문자라도 남겨라 어? 같이 서울 가게 저 공항에 시간 맞춰 나오라고. 
야야 저저 빨리 문자라도 남겨라 어? 같이 서울 가게 저 공항에 시간 맞춰 나오라고. ,아휴 이 난리를 쳐놓고 들어오지도 않는 년을 뭐하러 챙겨? 오든지 말든지 냅둬!
사장님 지금 뭐하시는거에요 동혁이가 뭘 어쨌다고	,동혁이 동혁이 친하지도 않다면서 왜 자꾸 이름 불러 나랑은 1년 넘게 사귀면서 사장님이라고 부르면서
동혁이 동혁이 친하지도 않다면서 왜 자꾸 이름 불러 나랑은 1년 넘게 사귀면서 사장님이라고 부르면서,아니 사장님은 사장님일 때 만났으니까 그런거고 설마 지금 질투하시는거에요?
아니 사장님은 사장님일 때 만났으니까 그런거고 설마 지금 질투하시는거에요?,그래 질투하는거다 어쩔래 내가 지금 질투안하게 생겼어? 사람들은 두사람 잘어울린다고 자꾸 찍어다 붙이지 영자씬 야시장 때문에 조총무랑 붙어다니지 내가 아무생각없이 허허 웃고 다니게 생겼냐구
그래 질투하는거다 어쩔래 내가 지금 질투안하게 생겼어? 사람들은 두사람 잘어울린다고 자꾸 찍어다 붙이지 영자씬 야시장 때문에 조총무랑 붙어다니지 내가 아무생각없이 허허 웃고 다니게 생겼냐구,아니 붙어다니는건 어쩔수없이 일 때문에 그런거죠
아니 붙어다니는건 어쩔수없이 일 때문에 그런거죠,그럼 아까 귓속말한건 뭐야
그럼 아까 귓속말한건 뭐야,귓속말이요
귓속말이요,아까 장기자랑 끝나고 내가 다 봤거든 조총무가 영자씨 귀에대고 뭐라뭐라 귓속말하는거
아까 장기자랑 끝나고 내가 다 봤거든 조총무가 영자씨 귀에대고 뭐라뭐라 귓속말하는거,그거는
그거는,봐봐봐봐봐 뭔가 있으니까 얘기 못한거 아냐
봐봐봐봐봐 뭔가 있으니까 얘기 못한거 아냐,있기는 뭐가 있어요 아까 춤출 때 겨드랑이 터졌다고 얘기해준건데 자 봐요 자자 아 나 진짜 창피해서 얘기안하려고 그런건데
있기는 뭐가 있어요 아까 춤출 때 겨드랑이 터졌다고 얘기해준건데 자 봐요 자자 아 나 진짜 창피해서 얘기안하려고 그런건데,그럼 기다리라고 한건 뭐야
그럼 기다리라고 한건 뭐야,그거는 이거 좀 트럭으로 실어다 달라고 그런거죠 수정할게 있어서
그거는 이거 좀 트럭으로 실어다 달라고 그런거죠 수정할게 있어서,근데 그걸 왜 조총무한테 부탁해 내가 들고가면 되지
근데 그걸 왜 조총무한테 부탁해 내가 들고가면 되지,이걸 어떻게 들고가요
이걸 어떻게 들고가요,왜 못해 이케 이케 이렇게
왜 못해 이케 이케 이렇게,아요 뭐하시는거에요 내려놔요 
아요 뭐하시는거에요 내려놔요 ,냅둬
냅둬,내가 회사까지 들어서 옮겨줄테니까 내가 못할거같지 나 한다면 하는 남자야 말리지마 아 진짜 
내가 회사까지 들어서 옮겨줄테니까 내가 못할거같지 나 한다면 하는 남자야 말리지마 아 진짜 ,아진짜 
아진짜 ,영자씨 뭐야 
영자씨 뭐야 ,어우 사장님 너무 귀여워서요 저한테는 사장님밖에 없으니까 오해 푸세요 알았죠 
어우 사장님 너무 귀여워서요 저한테는 사장님밖에 없으니까 오해 푸세요 알았죠 ,그래 알았어 
왜 울어 한교수,전 이제 사랑 못받을 것 같아요 누가 나같은걸 사랑해 주겠어요. 난 사랑받을 자격도 없어.
전 이제 사랑 못받을 것 같아요 누가 나같은걸 사랑해 주겠어요. 난 사랑받을 자격도 없어.,사랑받을 자격이 없긴 왜 없어. 충분해. 그 욱하는 성격만 좀 고치면.
사랑받을 자격이 없긴 왜 없어. 충분해. 그 욱하는 성격만 좀 고치면.,정말이에요?
정말이에요?,"그럼. 그리고 물심양면으로 도와준다고 했다가 돌변하는 것도 좀 고치고, 아 맞다. 악지르는 것도 좀 고치고, 돈 펑펑쓰는 것도 좀 고치고, 집착해가지고 남자 질리게 만드는 것도 좀 고치고, 웅얼거리는 것도 좀 고치고. "
"그럼. 그리고 물심양면으로 도와준다고 했다가 돌변하는 것도 좀 고치고, 아 맞다. 악지르는 것도 좀 고치고, 돈 펑펑쓰는 것도 좀 고치고, 집착해가지고 남자 질리게 만드는 것도 좀 고치고, 웅얼거리는 것도 좀 고치고. ",도대체 언제 끝나는거에요.
야이 미친인간 야.,아유 배야. 아 뭐야. 
아유 배야. 아 뭐야. ,뭐긴 뭐에요. 아 민교수님이 왜 내 침대에서 쳐 자빠져 자고 있어요.
뭐긴 뭐에요. 아 민교수님이 왜 내 침대에서 쳐 자빠져 자고 있어요.,뭐야. 기억안나? 왜왜왜?
뭐야. 기억안나? 왜왜왜?,일어나지마요. 그냥 알았으니까 그냥 빨리 꺼져요. 빨리 그냥 아 빨리요 빨리.
일어나지마요. 그냥 알았으니까 그냥 빨리 꺼져요. 빨리 그냥 아 빨리요 빨리.,알았어. 알았어.
알았어. 알았어.,우리 어제 아무일도 없었어. 알았어? 들먹이면 죽여버릴거야.
해산물 그 어떤 재료를 올려놓아도 맛있게 요리되고 또 연탄에서 나오는 적외선이 고기의 육질을 한층 더 부드럽게 하죠 단언컨데 연탄구이야 말로 최고의 구이법이라 할 수 있죠 오죽하면 안도현시인이 연탄불 함부로 차지 말아라 뭐 그런 시까지 썼겠어요?     ,그 시가 그 뜻이에요?
그 시가 그 뜻이에요?,아무튼 일단 한번 먹어봐요 굽기를 기다린 보람이 있을거에요 
오빠 내가 싸줄게요 나 쌈 싸주는거 로망이었거든요 아 ,별게 다 로망이네
"혼자 사니까 이런 분리수거도 다 해보고, 너무 재밌어요.",재밌어? 귀찮. 아유 참. 804호? 진이야 너 보험들었어?
재밌어? 귀찮. 아유 참. 804호? 진이야 너 보험들었어?,네? 아니요? 왜요?
네? 아니요? 왜요?,"아니 여기 보험 계약서가 있는데, 주소가 우리 오피스텔 804호라고 되어있어서. 아 니꺼 아니네. 이름이 정유미네."
"아니 여기 보험 계약서가 있는데, 주소가 우리 오피스텔 804호라고 되어있어서. 아 니꺼 아니네. 이름이 정유미네.",아 정유미 언니.
아 정유미 언니.,알아?
알아?,네. 나 이사오기 전에 우리집에 살던 언니예요. 그 산낙지 먹다 죽은 언니.
어디가 어떻게 아프세요?,술집에서 갑자기 쓰러졌는데요
술집에서 갑자기 쓰러졌는데요,저기 그게
저기 그게,"아 술드셨어요, 그럼 일단 수액 처방해드릴테니까"
"아 술드셨어요, 그럼 일단 수액 처방해드릴테니까",안돼요! 저 술 한모금도 안마셨어요. 저 임신했다구요! 산부인과 의사 좀 불러주세요. 우리 꿀벌이 잘못되면 안돼요
"이영애씨, 아이고. 변비가 아주 그냥 보통 심한게 아니었네. 어때요 관장하고 나니까 시원하죠?","네, 선생님, 애기는 괜찮은거죠?"
"네, 선생님, 애기는 괜찮은거죠?","그럼요, 걱정마세요. 최근에 뭘 드셨어요?"
"그럼요, 걱정마세요. 최근에 뭘 드셨어요?","입덧이 너무 심해서, 초콜렛만 겨우 좀"
"입덧이 너무 심해서, 초콜렛만 겨우 좀","그래서 변을 못보셨구나. 임신하면 원래 변비에 잘 걸리니까, 힘들더라도 소화 잘되는걸로 조금씩 드세요 아셨죠?"
"그래서 변을 못보셨구나. 임신하면 원래 변비에 잘 걸리니까, 힘들더라도 소화 잘되는걸로 조금씩 드세요 아셨죠?",네. 이사님
임신한거 숨긴거는 정말 아니지 않나? 언제까지 감출 생각이었어?,"죄송해요, 미리 말씀 못드려서. 근데, 제가 처음부터 숨기려고 숨긴게 아니라, 그게"
"죄송해요, 미리 말씀 못드려서. 근데, 제가 처음부터 숨기려고 숨긴게 아니라, 그게","영자씨! 영자씨, 영자씨 괜찮아? 많이 아팠지?"
"영자씨! 영자씨, 영자씨 괜찮아? 많이 아팠지?",이제 괜찮아요
이제 괜찮아요,"혹시, 그때 그 대리?"
"혹시, 그때 그 대리?",이쪽 이쪽
이쪽 이쪽,어 아빠!
어 아빠!,영애 너 어떻게 된거야 괜찮아? 괜찮아 응?
영애 너 어떻게 된거야 괜찮아? 괜찮아 응?,"아이고 이년아, 임심을 했으면 진작에 말을 할것이지. 아니 그리고 자네, 애가 이지경이 될때까지 뭐하고 있었나?"
"아이고 이년아, 임심을 했으면 진작에 말을 할것이지. 아니 그리고 자네, 애가 이지경이 될때까지 뭐하고 있었나?","죄송합니다. 아버님, 어머님"
"죄송합니다. 아버님, 어머님",애는 괜찮아?
애는 괜찮아?,"괜찮대요, 걱정하지 마세요"
"괜찮대요, 걱정하지 마세요",저 이사님
저 이사님,다 괜찮대요
다 괜찮대요,저 자네는 같이 데리고 다니면서 잘 좀 보살피지 거
이 정신에 어떻게 이런 글을 썼지? 버리고 싶은데 버릴 데가 없어요. 남들 볼까봐 쓰레기통에 못 버리겠고. 누가 보면 진짜 개쪽...,당신 발랑 까졌던데? 뭔 @가 이렇게 남자를 밝히냐.
당신 발랑 까졌던데? 뭔 @가 이렇게 남자를 밝히냐.,"너 내 일기장 봤지. 와, 진짜... 웬열? 내 일기장 봤지?"
"너 내 일기장 봤지. 와, 진짜... 웬열? 내 일기장 봤지?",아니.
아니.,봤잖아!
봤잖아!,"아이, 안 봤어."
"아이, 안 봤어.","야, 솔직하게 말할 때 불어."
"야, 솔직하게 말할 때 불어.","야가 뭐냐, 남편한테 야가."
"야가 뭐냐, 남편한테 야가.","너가 야라고 그러는데 내가 왜 야라고 못하냐? 봤지, 너?"
"너가 야라고 그러는데 내가 왜 야라고 못하냐? 봤지, 너?",안 봤거든?
"야, 뭐야. 너 우냐? 할머니 칠순잔치 간다고 쫙 빼 입고 신났더니 왜 울고 앉아있어. 신나게 춤추다가 울다가 난리도 아니네. 지랄그만하고 노량진까지 왔으면 공부나 해라. ",그래. 니말이 맞다. 노량진까지 왔으면 공부나 할걸. 그래서 합격했으면 오늘같은 날 당당하게 춤춰드릴 수 있었을텐데. 
그래. 니말이 맞다. 노량진까지 왔으면 공부나 할걸. 그래서 합격했으면 오늘같은 날 당당하게 춤춰드릴 수 있었을텐데. ,뭐?
뭐?,내가 처지가 이래가 할머니 칠순잔치갔다가 인사도 못드리고 나왔다. 
내가 처지가 이래가 할머니 칠순잔치갔다가 인사도 못드리고 나왔다. ,그래. 우리가 지금 어디 나설 처지냐. 티비만 조금 봐도 내가 이래도 되나 죄인같구 티셔츠 하나 사입어두 내가 이래도 되나 죄인같구 밥을 먹어도 죄인같구 잠을 자는 것두 죄인같구 그만 울어. 어?
그래. 우리가 지금 어디 나설 처지냐. 티비만 조금 봐도 내가 이래도 되나 죄인같구 티셔츠 하나 사입어두 내가 이래도 되나 죄인같구 밥을 먹어도 죄인같구 잠을 자는 것두 죄인같구 그만 울어. 어?,마음이 너무 아파. 
마음이 너무 아파. ,알아. 그만 울어. 뚝. 이씨 이게 진짜 어딜 자꾸 기대! 죽을래?
작가 선상 저녁 안먹었으면 들어와서 저녁먹고가 ,에 어우 괜찮은데
에 어우 괜찮은데,괜찮다면서요
괜찮다면서요,아이고 야 괜찮아 농치는겨 들어와 아이고 그새 며칠 봤다고 아주 편해졌는간만 농을 다치고 
아이고 야 괜찮아 농치는겨 들어와 아이고 그새 며칠 봤다고 아주 편해졌는간만 농을 다치고 ,이층 총각도 오라고 해야겄네 주승이 네가 가서 불러오노 응?
이층 총각도 오라고 해야겄네 주승이 네가 가서 불러오노 응?,안부르셔도 돼요 그 맨날 오는 형하고 술마시고 있어요
안부르셔도 돼요 그 맨날 오는 형하고 술마시고 있어요,이 그려 어여 먹어
이 그려 어여 먹어,어 잘먹겠습니다
이거 간맞추기 진짜 힘든데,여기 잔뜩 있으니게 많이 먹어
누구세요?,나야 노을이.
나야 노을이.,어.
어.,노을이 왔어?
노을이 왔어?,응 내가 홍삼 준다고 오라고 그랬어. 왜 이렇게 늦게 와. 너 또 야구했어? 
응 내가 홍삼 준다고 오라고 그랬어. 왜 이렇게 늦게 와. 너 또 야구했어? ,"작은누나, 어 매형. 오랜만이에요."
"작은누나, 어 매형. 오랜만이에요.","응 어서와 처남, 야 넌 어떻게 갈수록 더 어려지냐."
"응 어서와 처남, 야 넌 어떻게 갈수록 더 어려지냐.",뭘요 새삼. 우리 매형 우리 누나하고 산다고 고생이 많죠.
뭘요 새삼. 우리 매형 우리 누나하고 산다고 고생이 많죠.,아유
아유,야 너 발이 이게 뭐야? 다쳤어?
야 너 발이 이게 뭐야? 다쳤어?,야구하다 밟혔네. 아프겠다 야. 
야구하다 밟혔네. 아프겠다 야. ,아 괜찮아요. 누나 빨리 홍삼 줘. 나 차 밖에 그냥 대고 올라왔어. 누나 어디가.
아 괜찮아요. 누나 빨리 홍삼 줘. 나 차 밖에 그냥 대고 올라왔어. 누나 어디가.,누구야. 앞장 서. 어떻게 애 발을 이렇게 만들어 놓니?
누구야. 앞장 서. 어떻게 애 발을 이렇게 만들어 놓니?,아 좀 누나. 내가 애야? 성질 좀 죽여. 어떻게 갈수록 큰 누나보다 더 하냐.
아 좀 누나. 내가 애야? 성질 좀 죽여. 어떻게 갈수록 큰 누나보다 더 하냐.,너 진짜 괜찮아?
너 진짜 괜찮아?,응.
응.,얘 이거 병원 안가도 돼?
얘 이거 병원 안가도 돼?,아 무조건 가야지. 이 바로 수술해야 할 것 같은데? 이정도면 전치 3시간은 나오겠다.
아 무조건 가야지. 이 바로 수술해야 할 것 같은데? 이정도면 전치 3시간은 나오겠다.,누난 내가 아직 17세 고삐린줄 알아? 나도 올해 44이거든요.
누난 내가 아직 17세 고삐린줄 알아? 나도 올해 44이거든요.,"누나 눈엔, 넌 영원한 고삐리야. 알았어?"
"누나 눈엔, 넌 영원한 고삐리야. 알았어?",알았어 누나. 누난 어쩜 이렇게 하나도 안늙냐. 옛날하고 똑같애.
알았어 누나. 누난 어쩜 이렇게 하나도 안늙냐. 옛날하고 똑같애.,넌 어떻게 이렇게 점점 더 늙냐.
넌 어떻게 이렇게 점점 더 늙냐.,아 이제야 제 나이로 보이는 구만. 나 얘한테 말놓는데 10년 걸렸어.
아 이제야 제 나이로 보이는 구만. 나 얘한테 말놓는데 10년 걸렸어.,시끄러. 아지야 아지가.
시끄러. 아지야 아지가.,아이 아지는 무슨 진심인데.
아이 아지는 무슨 진심인데.,조용히 해. 애 들어.
조용히 해. 애 들어.,다 들었어.
다 들었어.,나쁜건 듣지마.
"민교수님, 우리 다른 데 가서 한잔 더 해. 비도 오니까.","그러지뭐. 아이고, 시간이 벌써 이렇게 됐네. 집에 가야겠다."
"그러지뭐. 아이고, 시간이 벌써 이렇게 됐네. 집에 가야겠다.","아, 어딜 가요?"
"아, 어딜 가요?",뭐 하는 거야?
뭐 하는 거야?,뭐하긴요. 맨날 술 먼저 먹자고 부추기고 알람 울리면 내빼는 거 오늘은 진짜 안 돼요. 무조건 한 잔만 더 해요. 어?
뭐하긴요. 맨날 술 먼저 먹자고 부추기고 알람 울리면 내빼는 거 오늘은 진짜 안 돼요. 무조건 한 잔만 더 해요. 어?,"이거 놔, 황교수. 나 가야 돼. 안그럼 와이프한테 죽어."
"이거 놔, 황교수. 나 가야 돼. 안그럼 와이프한테 죽어.",와이프가 그렇게 중요해요?
와이프가 그렇게 중요해요?,"그럼 뭣이 중헌디, 뭣이 중허냐고. 뭣이 중헌지도 모름서 지랄이야, 지랄이!"
덕선아.,수연이야 이 멍충아.
수연이야 이 멍충아.,수연아 잠깐만.
수연아 잠깐만.,아 그냥 들어오면되지 씨. 추워 얼른들어와.
제가 해드릴까요?,헛
헛,제가 해드릴께요
바나나 왠열?,왠열?
왠열?,오. 발음 많이 좋아졌는데? 야 너 맨발? 으이그 인간아.으이구 씨
오. 발음 많이 좋아졌는데? 야 너 맨발? 으이그 인간아.으이구 씨,다들 어디 가셨어?
다들 어디 가셨어?,어. 엄만 시장. 아빠랑 노을이는 친구만나러. 성보라는 새벽부터 도서관. 야 성보라 공부못해서 죽은 귀신붙었나봐. 왠열 캡열심히야.
어. 엄만 시장. 아빠랑 노을이는 친구만나러. 성보라는 새벽부터 도서관. 야 성보라 공부못해서 죽은 귀신붙었나봐. 왠열 캡열심히야.,보라누나 전생에 너였나보다. 
보라누나 전생에 너였나보다. ,죽을라고 씨. 좋은것만 배워 좋은것만. 먹을래?
죽을라고 씨. 좋은것만 배워 좋은것만. 먹을래?,아니야. 너 먹어.
아니야. 너 먹어.,너 어제도 못잤지?
너 어제도 못잤지?,티나?
티나?,캡티나! 수면제 안먹었어?
캡티나! 수면제 안먹었어?,니가 먹지마라 그래서 안먹었어.
니가 먹지마라 그래서 안먹었어.,잘했어. 두통약은?
잘했어. 두통약은?,한알만.
한알만.,잘했어. 잘했어. 우리 희동이.
시세로 한 400정도 되겠는데요?,400!
400!,네
네,뇌물로 저렇게 비싼걸. 그러면서 나는 최저알바 시급으로 부려먹고 말이야.
뇌물로 저렇게 비싼걸. 그러면서 나는 최저알바 시급으로 부려먹고 말이야.,그래서 어쩌시려고요. 파시겠어요?  
뭐해? 안먹고?,응? 오빠 오늘은 그거 안해요?
응? 오빠 오늘은 그거 안해요?,그거? 뭐?
그거? 뭐?,"이 두부는 부드럽고, 매끄러운게 마치 순백색의 하얀 실크 원단같고, 보쌈 김치는 실크원단에 수놓은 화려한 무늬같아요. 그래서 이 둘을 함께 입에 넣는 순간, 모든 맛이 조화를 이뤄 마치 하나의 옷이 완성된거 같아요."
"이 두부는 부드럽고, 매끄러운게 마치 순백색의 하얀 실크 원단같고, 보쌈 김치는 실크원단에 수놓은 화려한 무늬같아요. 그래서 이 둘을 함께 입에 넣는 순간, 모든 맛이 조화를 이뤄 마치 하나의 옷이 완성된거 같아요.",야 무슨 말인지 하나도 못 알아 듣겠다.
야 무슨 말인지 하나도 못 알아 듣겠다.,"뭔 일인지 모르겠지만, 힘내라는 소리예요."
"뭔 일인지 모르겠지만, 힘내라는 소리예요.",알았다. 너 막걸리 마실 수 있지? 이 두부보쌈에는 막걸리가 죽여주는 궁합이거든.
라부장님. 오셨네요?,그럼 오지 안와?
그럼 오지 안와?,"어이구, 전동차땜에 할 수 없이 왔구만. 아 그러게 왜 그런 흉한 짓을 했어?"
"어이구, 전동차땜에 할 수 없이 왔구만. 아 그러게 왜 그런 흉한 짓을 했어?","아닌데, 라부장님 옛날엔 술먹고 더 흉한짓도 많이 하셨는데."
"아닌데, 라부장님 옛날엔 술먹고 더 흉한짓도 많이 하셨는데.",무슨소리야? 내가 뭘?
무슨소리야? 내가 뭘?,어이고. 오셨네요?
조사장님. 대체 무슨일인데 사람을 죄인 끌고오듯이 이래요?,"어째, 아즉도 모르것는가?"
"어째, 아즉도 모르것는가?",몰라요.
몰라요.,"와, 시치미 떼는 연기가 아카데미 여우주연상 감인데요?"
"와, 시치미 떼는 연기가 아카데미 여우주연상 감인데요?",뭐?
뭐?,"술먹어서 기억이 안나나본데, 정과장. 스타또."
"술먹어서 기억이 안나나본데, 정과장. 스타또.","아니, 사장님 넘어지신걸 왜 저한테."
"아니, 사장님 넘어지신걸 왜 저한테.",왜긴. 그짝이 싸질러놓은 오줌밟고 미끄러졌응께 그라지.
왜긴. 그짝이 싸질러놓은 오줌밟고 미끄러졌응께 그라지.,예? 제가 싸질러 놓은 오줌이요? 아니에요. 제가 무슨 오줌을 싸요.
예? 제가 싸질러 놓은 오줌이요? 아니에요. 제가 무슨 오줌을 싸요.,점프혀.
점프혀.,"어, 저기 윤과, 아니, 윤대리님 들어오시네요. 아 맞아요, 어제 윤대리님 엄청 취했었는데. 윤대리님이 쌌나보네."
"어, 저기 윤과, 아니, 윤대리님 들어오시네요. 아 맞아요, 어제 윤대리님 엄청 취했었는데. 윤대리님이 쌌나보네.",썩을 놈. 오줌은 안쌌네. 점프혀.
썩을 놈. 오줌은 안쌌네. 점프혀.,"어, 아, 아니에요. 저 분명히 화장실가서 쌌는데. 어, 어 제발 제발, 어, 그러지마. 아 안돼, 어, 안돼, 어, 그만."
"어, 아, 아니에요. 저 분명히 화장실가서 쌌는데. 어, 어 제발 제발, 어, 그러지마. 아 안돼, 어, 안돼, 어, 그만.","잡았어. 어째, 이래도 아녀? 고맙네. 똥은 안싸서."
"잡았어. 어째, 이래도 아녀? 고맙네. 똥은 안싸서.",그냥 쪼그리고 앉아서 쉬는걸수도 있잖아요.
그냥 쪼그리고 앉아서 쉬는걸수도 있잖아요.,"어이그. 자요, 이 바지가 어저께 사장님이 넘어졌을때 입은 바지에요. 화학수사대에 보내서 감식해볼까요? 누구 오줌인지?"
"어이그. 자요, 이 바지가 어저께 사장님이 넘어졌을때 입은 바지에요. 화학수사대에 보내서 감식해볼까요? 누구 오줌인지?","기억은 안나지만, 암튼 죄송해요. 바지는 제가 깨끗히 빨아다 드릴게요."
"기억은 안나지만, 암튼 죄송해요. 바지는 제가 깨끗히 빨아다 드릴게요.",내 마음에 묻은 찌린내는 어떻게 빨아줄건데.
내 마음에 묻은 찌린내는 어떻게 빨아줄건데.,아 그러면 절더러 뭘 어떻게 하라구요.
아 그러면 절더러 뭘 어떻게 하라구요.,앞으로 한 달 동안 나의 회사에서 일혀.
아 너무 높다. 이건물이 언니네 시아버지가 작은집에 빌려준 돈대신 받은 건물이야? 언니 좋겠다,"좋긴, 우리꺼냐. 아버님꺼지"
"좋긴, 우리꺼냐. 아버님꺼지","언젠간, 물려받을거아니야"
"언젠간, 물려받을거아니야","됐어, 외곽에 있어서 세도 잘 안나가는 모양이더라. 2층 사무실도 텅텅 비어있잖아"
"됐어, 외곽에 있어서 세도 잘 안나가는 모양이더라. 2층 사무실도 텅텅 비어있잖아","그래서 사돈총각이 여기서 살고 있었구나? 아무튼 부럽다, 근데 왠 침대를 그렇게 일찍 샀어?"
"그래서 사돈총각이 여기서 살고 있었구나? 아무튼 부럽다, 근데 왠 침대를 그렇게 일찍 샀어?","내가 맘에 든댔더니, 인터넷에서 세일한다고 사장님이 낼름 샀어. 허튼데 돈쓰지 말라고 했더니 온갖 땡처리 사이트는 다 뒤지고 다닌다 요즘"
"내가 맘에 든댔더니, 인터넷에서 세일한다고 사장님이 낼름 샀어. 허튼데 돈쓰지 말라고 했더니 온갖 땡처리 사이트는 다 뒤지고 다닌다 요즘","그래두, 언니말 잘 듣고 기특하네. 이 방이야? 사돈총각 살던 방이?"
"그래두, 언니말 잘 듣고 기특하네. 이 방이야? 사돈총각 살던 방이?","응, 이 방이 더 커서 이사나가면 우리가 쓰려구"
"응, 이 방이 더 커서 이사나가면 우리가 쓰려구","뭐야, 왜이렇게 드러워?"
"뭐야, 왜이렇게 드러워?","그니까 청소 도와달라고 너까지 부른거 아니야, 아주 쓰레기소굴이 따로 없다니까. 왜이렇게 살았나몰라"
"그니까 청소 도와달라고 너까지 부른거 아니야, 아주 쓰레기소굴이 따로 없다니까. 왜이렇게 살았나몰라",이렇게 살아서 죄송합니다
이렇게 살아서 죄송합니다,"아 저, 안녕하세요"
"근데, 오늘 이사나가는거 아니었어?","맞아, 아까 사장님이 부동산간다고 나갔댔는데"
"맞아, 아까 사장님이 부동산간다고 나갔댔는데","네, 4시까지 부동산으로 갈게요. 네. 죄송합니다, 빠트린 물건이 있어서. 마감만 아니면 쓰레기 소굴같은 방 싹 정리했을텐데"
"네, 4시까지 부동산으로 갈게요. 네. 죄송합니다, 빠트린 물건이 있어서. 마감만 아니면 쓰레기 소굴같은 방 싹 정리했을텐데","아니에요, 오늘 이사 나가시나봐요?"
"아니에요, 오늘 이사 나가시나봐요?",네 남은 짐은 마감끝나고 가져가게요
네 남은 짐은 마감끝나고 가져가게요,아네 가세요. 성인 웹툰 그린다고 했지? 그걸로 돈벌이가 되나?
아네 가세요. 성인 웹툰 그린다고 했지? 그걸로 돈벌이가 되나?,"몰라, 먹고는 사나보드라. 야 빨리 청소부터 하자 어? 너 가서 걸레 빨아와"
"몰라, 먹고는 사나보드라. 야 빨리 청소부터 하자 어? 너 가서 걸레 빨아와",알았어
금방 온다 그래서 음식도 미리 다 시켜놨는데 음식이 먼저 나오게 생겼네,근처 다 왔다고 했는데
근처 다 왔다고 했는데,아니 사돈 양반이 일부러 늦는것도 아닌데 왜 이렇게 승질이야
아니 사돈 양반이 일부러 늦는것도 아닌데 왜 이렇게 승질이야,아니 그쪽 편하라고 이 터미널 근처에다 식당 잡아놨는데 시간 하나 못 맞추냐고
아니 그쪽 편하라고 이 터미널 근처에다 식당 잡아놨는데 시간 하나 못 맞추냐고,금방 오실거예요
금방 오실거예요,그래 늙은 딸년 데려가주신다는데 감사한 마음으로 기다립시다 응?
그래 늙은 딸년 데려가주신다는데 감사한 마음으로 기다립시다 응?,아니 왜 우리가 감사를 해? 저쪽이 감사를 해야지 사람이 참
아니 왜 우리가 감사를 해? 저쪽이 감사를 해야지 사람이 참,승질은 어유 더워
승질은 어유 더워,그러게 아직 모피는 이르다니까 그리고 반지는 왜 그렇게 많이 꼈어? 무거워서 젓가락질이나 할 수 있겠어?
그러게 아직 모피는 이르다니까 그리고 반지는 왜 그렇게 많이 꼈어? 무거워서 젓가락질이나 할 수 있겠어?,뭐가 평소대로 하고 온건데 야야 식당이 더워 식당이 식당이 어유 더워
뭐가 평소대로 하고 온건데 야야 식당이 더워 식당이 식당이 어유 더워,늦어서 죄송합니다
늦어서 죄송합니다,죄송합니다 제가 길을 잘못들어서
죄송합니다 제가 길을 잘못들어서,괜찮아요 이쪽으로 앉으시죠
괜찮아요 이쪽으로 앉으시죠,그럼 전 가볼게요
그럼 전 가볼게요,여기까지 왔다가 그냥 가시게요? 식사하고 가세요
여기까지 왔다가 그냥 가시게요? 식사하고 가세요,그래요 사촌동생이라고 그랬죠? 그쪽으로 앉아요
그래요 사촌동생이라고 그랬죠? 그쪽으로 앉아요,아니요 제가 낄 자리는 아닌거 같아서요
많이 드세요,아 예예 많이 드십쇼
그럼 날짜는 언제쯤으로 잡을까요?,저흰 빠를수록 좋죠 상황도 그렇고 올해안에 하면 어떨지
저흰 빠를수록 좋죠 상황도 그렇고 올해안에 하면 어떨지,그건 그건 너무 촉박하지 않을까요?
그건 그건 너무 촉박하지 않을까요?,그러게요 저희가 준비할것도 있고 해서 아 저 그러면 1월이나 2월쯤으로 하면 어떨까요?
그러게요 저희가 준비할것도 있고 해서 아 저 그러면 1월이나 2월쯤으로 하면 어떨까요?,제가 마음이 앞섰나봅니다 그렇게 하시죠 그럼 자 사돈어른 한잔 받으시죠
제가 마음이 앞섰나봅니다 그렇게 하시죠 그럼 자 사돈어른 한잔 받으시죠,아 예 예 감사합니다
아 예 예 감사합니다,영자씨 느끼하지
영자씨 느끼하지,그럼 저희가 서울로 식장을
그럼 저희가 서울로 식장을,이거 먹어봐
이거 먹어봐,아 예 예 사부인 알아서 하시지요 아가 너도 많이 먹어라
아 예 예 사부인 알아서 하시지요 아가 너도 많이 먹어라,예 예
예 예,홀몸도 아닌데 결혼 준비에 회사일까지 힘들지?
홀몸도 아닌데 결혼 준비에 회사일까지 힘들지?,아니에요 사장님이 많이 도와주셔서 괜찮아요
아니에요 사장님이 많이 도와주셔서 괜찮아요,그래 그래 어서 들어
그래 그래 어서 들어,그래도 한건물에 회사랑 신혼집이 차려져서 덜 힘들겠더라구요 근데 그 신혼집이 전에 사돈총각이 살던 집이라면서요? 아이고 우리가 내쫓는거 같아서 미안하네요
그래도 한건물에 회사랑 신혼집이 차려져서 덜 힘들겠더라구요 근데 그 신혼집이 전에 사돈총각이 살던 집이라면서요? 아이고 우리가 내쫓는거 같아서 미안하네요,아니요 괜찮습니다 저도 부모님 빽에 얹혀살던덴데요 뭐
아니요 괜찮습니다 저도 부모님 빽에 얹혀살던덴데요 뭐,아이그 참 복스럽게도 잘 먹네 많이 드세요 근데 사돈총각 하는 일이 뭐예요?
아이그 참 복스럽게도 잘 먹네 많이 드세요 근데 사돈총각 하는 일이 뭐예요?,네 저 그게 
네 저 그게 ,그림 그려요 이런 저런 좋은 그림
그림 그려요 이런 저런 좋은 그림,네 저 그림 그립니다
아니 얘가 왜 이렇게 우악스럽게 땡겨,사돈어른 괜찮아요?
사돈어른 괜찮아요?,괜찮습니다 됐어 됐어
괜찮습니다 됐어 됐어,아이 참 조심 좀 하시지
"에이, 그래도 기대는 하셨네. 이렇게 종합반 첫 강의날이라고 디데이 표시까지 해놓고.",얜? 이거 내 배란일 표시야. 나 오늘 민호씨 확 덮칠 거야.
얜? 이거 내 배란일 표시야. 나 오늘 민호씨 확 덮칠 거야.,네?
네?,"내가 말했지. 결혼할 방법은 임신뿐. 민호씨는 사업 잘 되고 준비가 다 돼야 결혼한다 했지만 그 놈의 사업은 대체 언제 잘 되고 언제 준비가 다 되는 거야? 아주 내가 그거 기다리다가는 묫자리도 준비해야 될 판이야, 내가. 나 그리고 오늘 호텔도 예약했다. 요즘 뜨는 강남에 부티크 호텔인데 모나코. 아이, 잠깐만. 오늘 만약에 내가 임신하게 되면 태명을 모나코로 해야 되나? 어, 모나코에서 했으니까. 어, 어떡해, 야해! 어, 몰라 어떡해. 야 아무튼 나 오늘 완전 완전 진짜 진짜 디게 디게 중요한 날이야."
"내가 말했지. 결혼할 방법은 임신뿐. 민호씨는 사업 잘 되고 준비가 다 돼야 결혼한다 했지만 그 놈의 사업은 대체 언제 잘 되고 언제 준비가 다 되는 거야? 아주 내가 그거 기다리다가는 묫자리도 준비해야 될 판이야, 내가. 나 그리고 오늘 호텔도 예약했다. 요즘 뜨는 강남에 부티크 호텔인데 모나코. 아이, 잠깐만. 오늘 만약에 내가 임신하게 되면 태명을 모나코로 해야 되나? 어, 모나코에서 했으니까. 어, 어떡해, 야해! 어, 몰라 어떡해. 야 아무튼 나 오늘 완전 완전 진짜 진짜 디게 디게 중요한 날이야.","네, 오늘 진짜 여러모로 중요한 날이네요."
안녕하십니까 고객님 신명은행에서 고객님만을 위한 특별한 이벤트 중이어서요 전화드렸습니다. 지금 카드를 신규 발급 받으시면요,저 카드 발급 못해요. 
와 이럴때 보면은 작가인긴 한거 같아. 아주 재치가 만점이네 응? 나도 앞으로 카드 만들란 전화오면은 그렇게 퇴치해야 겠어요 ,진짠데요
진짠데요,네?
네?,재치가 진짜라구요 저 진짜 카드 발급이 안돼요
재치가 진짜라구요 저 진짜 카드 발급이 안돼요,왜요?
왜요?,프리랜서라서 소득이 일정치 않거든요
프리랜서라서 소득이 일정치 않거든요,그렇다고 카드 발급이 안돼요? 소득이 없는것도 아닌데?
그렇다고 카드 발급이 안돼요? 소득이 없는것도 아닌데?,예 어휴 그렇지 않으면 제가 왜  카드를 안만들겠어요 당장 돈이 없어도 할부로 끊고 몇달씩 나눠서 내면 되는 그 편한걸 
예 어휴 그렇지 않으면 제가 왜  카드를 안만들겠어요 당장 돈이 없어도 할부로 끊고 몇달씩 나눠서 내면 되는 그 편한걸 ,음 그러면 제가 친한 친구 중에 카드 회사 부장으로 있는데 카드 발급 해 드려요?
음 그러면 제가 친한 친구 중에 카드 회사 부장으로 있는데 카드 발급 해 드려요?,아뇨 아뇨 됐어요
아뇨 아뇨 됐어요,아니에요 아 친해요 친해요
작가님 혹시 지금 살고 있는 전세금이 얼마나 돼요? ,월세데요
작가님 그러면 지금 재산이 얼마나...?,어휴 그런거 없어요
거봐요 ,아니 나는 신용 불량자만 카드 발급이 안되는줄 알았지 으휴 내가 다 안타깝다 정말 먼저 일어날게요
아니 나는 신용 불량자만 카드 발급이 안되는줄 알았지 으휴 내가 다 안타깝다 정말 먼저 일어날게요,예
누나. 이제 알 것 같아요.,뭘?
뭘?,아저씨가 싫은 이유요.
이모 라면 3개요.,너 웬일이야? 피켓걸 연습 안 갔어?
너 웬일이야? 피켓걸 연습 안 갔어?,그러는 니들은 여기까지 웬일이야?
그러는 니들은 여기까지 웬일이야?,"야, 우리 학교가 더 가깝거든?"
"야, 우리 학교가 더 가깝거든?","정팔아, 떡볶이도 시킨다?"
"정팔아, 떡볶이도 시킨다?",응.
응.,"이모님, 여기 떡볶이 3인분 추가요."
"이모님, 여기 떡볶이 3인분 추가요.","정팔아, 우리도 시킨다?"
"정팔아, 우리도 시킨다?",야!
야!,좋다는 뜻이야. 이모! 우리도 떡볶이 1인분만 더 주세요!
좋다는 뜻이야. 이모! 우리도 떡볶이 1인분만 더 주세요!,"야, 덕선아, 나 거기 물 좀."
"야, 덕선아, 나 거기 물 좀.",어.
어.,오늘은 피켓걸 연습 없나보네? 맨날 효창 운동장에서 살더니?
오늘은 피켓걸 연습 없나보네? 맨날 효창 운동장에서 살더니?,먹고 가야 돼. 야간 연습이야.
먹고 가야 돼. 야간 연습이야.,"어이, 특공대."
"어이, 특공대.","조용히 해. 누가 특공대야, 씨."
"조용히 해. 누가 특공대야, 씨.",지도 바로 돌아보지 않았냐?
지도 바로 돌아보지 않았냐?,수학여행 연습 많이 했어? 소방차 한다며.
수학여행 연습 많이 했어? 소방차 한다며.,그러게. 너 그거 진짜 언제 다 해? 피켓걸 연습도 빡셀 텐데.
그러게. 너 그거 진짜 언제 다 해? 피켓걸 연습도 빡셀 텐데.,라면 나왔어~
라면 나왔어~,"예! 덕선아, 라면 먹을래? 하나 줘?"
"예! 덕선아, 라면 먹을래? 하나 줘?",야!
야!,안 먹어! 씨.
"덕선아, 먼저 갈게, 우리! 정팔이가 계산 다 했어.",대체 뭘 얼마나 쳐먹은 거야?
대체 뭘 얼마나 쳐먹은 거야?,간다.
안 먹어? 공짠데?,쟤 쌍고 전교회장 맞지?
쟤 쌍고 전교회장 맞지?,"누구, 선우? 키 큰 애? 어, 왜?"
"누구, 선우? 키 큰 애? 어, 왜?","어떡하냐, 너?"
"어떡하냐, 너?",뭘?
뭘?,걔가 너 좋아하는 것 같은데? 걔 들어올 때부터 너만 봤어.
걔가 너 좋아하는 것 같은데? 걔 들어올 때부터 너만 봤어.,웬열? 나도 봤어.
웬열? 나도 봤어.,"물을 왜 너한테 달라 그래. 이모한테 달라 그러면 되지. 그리고 너 소방차 연습한다고 할 때 걔 걱정하는 표정, 봤어?"
"물을 왜 너한테 달라 그래. 이모한테 달라 그러면 되지. 그리고 너 소방차 연습한다고 할 때 걔 걱정하는 표정, 봤어?","봤어, 봤어. 야, 진짜 봤어."
"봤어, 봤어. 야, 진짜 봤어.",마지막 결정적 증거. 라면 먹을래?
누구세요?,언니 저에요.
언니 저에요.,엄청 잘 찾아왔네. 들어와. 얘들아 인사해야지. 수경이 누나 옆집에 사는 진이 누나야.
엄청 잘 찾아왔네. 들어와. 얘들아 인사해야지. 수경이 누나 옆집에 사는 진이 누나야.,얘들이 언니네 애들이에요? 얘들아 반가워.
언니. 진짜 맛있어요. 담에 같이 빚어요. 저 만두 빚는거 로망이거든요.,그래. 잠깐만.
뭣이 중요헌디 뭣이 중허냐고 뭣이 그렇게 중허냐고,아니 뭐야 또 지금 그 곡성에 그여자애 아니 이제 귀신들린 사람까지 따라하는거에요?
아니 뭐야 또 지금 그 곡성에 그여자애 아니 이제 귀신들린 사람까지 따라하는거에요?,딩동댕동 완전 똑같지 뭣이 중헌지도 모름서 지랄이야 지랄이
딩동댕동 완전 똑같지 뭣이 중헌지도 모름서 지랄이야 지랄이,아니 지랄 그만 안할래요 아니 진짜 비까지 와가지고 우중중충해 죽겠는데 무섭게 왜 이렇게  음침한 캐릭터를 잡았어요 아유
아니 지랄 그만 안할래요 아니 진짜 비까지 와가지고 우중중충해 죽겠는데 무섭게 왜 이렇게  음침한 캐릭터를 잡았어요 아유,나도 커피 한잔타죠 모닝커피 말고 또 뭣이 중헌디 뭣이 글게 중허냐고
굿모닝이다 내새끼들. 너그들은 이제 다 죽었어.,너 이제 어떡하냐.
너 이제 어떡하냐.,야 괜찮아?
야 괜찮아?,거 뭐야? 누고? 누가 쓰러졌노?
거 뭐야? 누고? 누가 쓰러졌노?,동룡인데요 선생님.
동룡인데요 선생님.,아 글나? 그럼 고마 냅두라 거. 그거 쇼하는겨 쇼.
어! 희동아 왔어? 어 알았어 갈게! 어!,아이고야 자빠진다 자빠져!
아이고야 자빠진다 자빠져!,자빠져부려라 이년아
"아, 뭐하는거야?","아우, 죄, 죄송해요. 윤사장님 양복이 넘 간지나서, 어디껀지 보려다 그만."
"아우, 죄, 죄송해요. 윤사장님 양복이 넘 간지나서, 어디껀지 보려다 그만.",그냥 이거 홈쇼핑에서 반 값 세일할 때 사입은거야.
그냥 이거 홈쇼핑에서 반 값 세일할 때 사입은거야.,"진짜요? 이야, 비율이 좋으셔서 그런가, 윤사장님이 입으시니까 완전 명품같다규요."
"진짜요? 이야, 비율이 좋으셔서 그런가, 윤사장님이 입으시니까 완전 명품같다규요.","명품은 무슨, 진짜 명품은 정과장이 입고 다니는 옷이 명품이지."
"명품은 무슨, 진짜 명품은 정과장이 입고 다니는 옷이 명품이지.",정말요? 아니 명품인거 하나도 티 안나던데.
정말요? 아니 명품인거 하나도 티 안나던데.,"그치? 아이 짜식이 명품옷 입으면 뭐해, 타고난 매력이 명란한데, 삼등신이잖아."
"그치? 아이 짜식이 명품옷 입으면 뭐해, 타고난 매력이 명란한데, 삼등신이잖아.","역시 사람은 노력만으론 안되는거 같아요. 타고난 게 있어야지. 저, 그래서 말인데, 전 아무래도 영업직은 안 맞는거 같아요. 아무리 노력해도 늘지도 않고."
"역시 사람은 노력만으론 안되는거 같아요. 타고난 게 있어야지. 저, 그래서 말인데, 전 아무래도 영업직은 안 맞는거 같아요. 아무리 노력해도 늘지도 않고.",아이 그게 하루이틀에 되나. 일단 잘 모르겠으면 사장님 얼굴을 자세히 봐봐. 인상보면 일을 줄지 안줄지 감이 딱 온다니까?
아이 그게 하루이틀에 되나. 일단 잘 모르겠으면 사장님 얼굴을 자세히 봐봐. 인상보면 일을 줄지 안줄지 감이 딱 온다니까?,진짜요? 어떤 인상인데요?
"안녕하세요, 사장님.","아 네, 고기 사시게요?"
"아 네, 고기 사시게요?","아뇨, 저 낙원사라고요, 간판이랑 홍보용품 만드는 회사 직원인데요, 아, 간판 안바꾸세요? 많이 낡아보이는데."
"아뇨, 저 낙원사라고요, 간판이랑 홍보용품 만드는 회사 직원인데요, 아, 간판 안바꾸세요? 많이 낡아보이는데.",눈깔이 삐었어? 우리 개업한지 한 달 밖에 안됐는데. 어디서 재수없는 소리를 하고 그래.
눈깔이 삐었어? 우리 개업한지 한 달 밖에 안됐는데. 어디서 재수없는 소리를 하고 그래.,"개업 축하드리고요, 다음 간판은 꼭 저희 회사에 맡겨주세요. 한 5년 뒤에 다시 찾아뵙겠습니다."
"개업 축하드리고요, 다음 간판은 꼭 저희 회사에 맡겨주세요. 한 5년 뒤에 다시 찾아뵙겠습니다.",저 위기를 어떻게 모면하나 했는데. 역시 순발력 쩌신다규요. 윤사장님 매력쟁이.
저 위기를 어떻게 모면하나 했는데. 역시 순발력 쩌신다규요. 윤사장님 매력쟁이.,센스쟁이.
그동안 속인거 정말 죄송해요,"그만두는 마당에 변명은 됐고, 여기 그동안 이사장이 했던 패키지 디자인 저작권 서류야. 읽어보고 싸인해. "
"그만두는 마당에 변명은 됐고, 여기 그동안 이사장이 했던 패키지 디자인 저작권 서류야. 읽어보고 싸인해. ",이사님. 저 한 번만 더 기회를 주시면 안될까요?
이사님. 저 한 번만 더 기회를 주시면 안될까요?,뭐?
뭐?,"신제품 일 맡겨주세요. 저 진짜 잘할 자신 있어요. 어, 이사님도 그러셨잖아요. 이제 좀 쓸만하다고"
"신제품 일 맡겨주세요. 저 진짜 잘할 자신 있어요. 어, 이사님도 그러셨잖아요. 이제 좀 쓸만하다고",이사장. 남초주류업계에서 여자인 내가 이 자리까지 올라오기 쉬웠을 것 같아? 나한텐 내가 필요해 연애 결혼 임신? 다 포기하고 일에만 미쳐 사는 또다른 내가. 근데 영애씨는 아니야 
이사장. 남초주류업계에서 여자인 내가 이 자리까지 올라오기 쉬웠을 것 같아? 나한텐 내가 필요해 연애 결혼 임신? 다 포기하고 일에만 미쳐 사는 또다른 내가. 근데 영애씨는 아니야 ,걱정하지마세요. 저 혼자몸일때보다 더 열심히 더 절박하게 할게요. 이사님께서 조금만 배려해주시면..
걱정하지마세요. 저 혼자몸일때보다 더 열심히 더 절박하게 할게요. 이사님께서 조금만 배려해주시면..,"그 배려는 사회가 할 몫이지 내 의무는 아니지않나? 유감이야. 남잔 일을 할지 애를 가질지 고민할 필요도 없이 다 가질 수 있는데, 왜 우리 여자만 그 선택을 강요받아야 되는지..근데 이사장. 그게 현실이야 . 여긴 전쟁터고 뒤쳐지면 끝이야"
